datum,Year,Month,MonthName,Quarter,Week,Frequency,M01AB,M01AE,N02BA,N02BE,N05B,N05C,R03,R06,Total_Sales
2014-01-02,2014,1,Jan,1,1,Daily,0.0,3.67,3.4,32.4,7.0,0.0,0.0,2.0,48.47
2014-01-03,2014,1,Jan,1,1,Daily,8.0,4.0,4.4,50.6,16.0,0.0,20.0,4.0,107.0
2014-01-04,2014,1,Jan,1,1,Daily,2.0,1.0,6.5,61.85,10.0,0.0,9.0,1.0,91.35
2014-01-05,2014,1,Jan,1,1,Daily,4.0,3.0,7.0,41.1,8.0,0.0,3.0,0.0,66.1
2014-01-06,2014,1,Jan,1,2,Daily,5.0,1.0,4.5,21.7,16.0,2.0,6.0,2.0,58.2
2014-01-07,2014,1,Jan,1,2,Daily,0.0,0.0,0.0,0.0,0.0,0.0,0.0,0.0,0.0
2014-01-08,2014,1,Jan,1,2,Daily,5.33,3.0,10.5,26.4,19.0,1.0,10.0,0.0,75.22999999999999
2014-01-09,2014,1,Jan,1,2,Daily,7.0,1.68,8.0,25.0,16.0,0.0,3.0,2.0,62.68
2014-01-10,2014,1,Jan,1,2,Daily,5.0,2.0,2.0,53.3,15.0,2.0,0.0,2.0,81.3
2014-01-11,2014,1,Jan,1,2,Daily,5.0,4.34,10.4,52.3,14.0,0.0,1.0,0.2,87.24
2014-01-12,2014,1,Jan,1,2,Daily,2.0,0.66,2.5,12.0,8.0,0.0,1.0,1.0,27.16
2014-01-13,2014,1,Jan,1,3,Daily,7.34,7.66,6.2,52.0,9.0,0.0,7.0,1.0,90.2
2014-01-14,2014,1,Jan,1,3,Daily,6.0,1.33,12.3,33.7,6.0,1.0,0.0,2.0,62.330000000000005
2014-01-15,2014,1,Jan,1,3,Daily,4.0,2.34,5.0,26.7,12.0,2.0,3.0,3.0,58.04
2014-01-16,2014,1,Jan,1,3,Daily,6.0,2.0,4.3,28.3,19.0,1.0,5.0,0.0,65.6
2014-01-17,2014,1,Jan,1,3,Daily,2.0,3.68,8.3,20.4,15.0,0.0,6.0,3.0,58.379999999999995
2014-01-18,2014,1,Jan,1,3,Daily,1.0,5.33,5.8,43.2,15.0,4.0,7.0,2.0,83.33
2014-01-19,2014,1,Jan,1,3,Daily,4.33,4.0,4.0,14.1,4.0,0.0,1.0,1.0,32.43
2014-01-20,2014,1,Jan,1,4,Daily,6.0,3.34,3.3,11.9,18.0,2.0,12.0,3.0,59.54
2014-01-21,2014,1,Jan,1,4,Daily,2.0,3.34,4.0,42.0,15.0,2.0,0.0,1.0,69.34
2014-01-22,2014,1,Jan,1,4,Daily,7.0,3.0,7.0,18.1,10.0,0.0,5.0,2.0,52.1
2014-01-23,2014,1,Jan,1,4,Daily,4.0,4.67,5.2,26.2,2.0,3.0,1.0,3.0,49.07
2014-01-24,2014,1,Jan,1,4,Daily,4.67,7.34,7.0,19.6,13.0,1.0,0.0,0.0,52.61
2014-01-25,2014,1,Jan,1,4,Daily,6.0,9.0,5.0,37.8,18.0,0.0,5.0,1.0,81.8
2014-01-26,2014,1,Jan,1,4,Daily,4.33,1.68,0.0,24.0,4.0,0.0,0.0,0.0,34.01
2014-01-27,2014,1,Jan,1,5,Daily,4.34,4.67,1.2,23.6,17.0,2.0,1.0,3.0,56.81
2014-01-28,2014,1,Jan,1,5,Daily,6.0,3.34,2.8,13.38,22.0,5.0,1.0,5.0,58.52
2014-01-29,2014,1,Jan,1,5,Daily,5.33,4.0,2.0,14.0,10.0,1.0,1.0,2.0,39.33
2014-01-30,2014,1,Jan,1,5,Daily,3.02,1.34,2.4,25.5,7.0,1.0,3.0,2.0,45.26
2014-01-31,2014,1,Jan,1,5,Daily,1.0,2.68,7.1,26.9,9.0,0.0,1.0,0.0,47.68
2014-02-01,2014,2,Feb,1,5,Daily,4.33,4.32,5.0,43.0,13.0,1.0,14.0,0.0,84.65
2014-02-02,2014,2,Feb,1,5,Daily,7.0,3.0,0.2,13.5,6.0,2.0,8.0,0.0,39.7
2014-02-03,2014,2,Feb,1,6,Daily,5.0,1.0,8.5,32.4,16.0,1.0,1.0,0.0,64.9
2014-02-04,2014,2,Feb,1,6,Daily,1.33,3.0,7.0,30.6,8.0,1.0,17.0,2.0,69.93
2014-02-05,2014,2,Feb,1,6,Daily,3.0,4.02,6.2,32.4,15.0,1.0,1.0,1.0,63.62
2014-02-06,2014,2,Feb,1,6,Daily,3.33,6.68,3.5,41.4,17.0,2.0,5.0,2.0,80.91
2014-02-07,2014,2,Feb,1,6,Daily,2.66,8.67,11.7,21.4,19.0,1.0,0.0,0.0,64.43
2014-02-08,2014,2,Feb,1,6,Daily,3.33,3.35,14.4,37.1,13.0,1.0,1.0,1.0,74.18
2014-02-09,2014,2,Feb,1,6,Daily,4.0,3.0,2.0,31.5,10.0,0.0,6.0,0.0,56.5
2014-02-10,2014,2,Feb,1,7,Daily,5.0,10.33,8.5,40.1,20.0,3.0,3.0,1.0,90.93
2014-02-11,2014,2,Feb,1,7,Daily,10.0,6.99,13.3,44.6,20.0,2.0,6.0,2.2,105.09
2014-02-12,2014,2,Feb,1,7,Daily,9.0,1.67,9.1,73.6,9.0,0.0,5.0,0.0,107.36999999999999
2014-02-13,2014,2,Feb,1,7,Daily,4.33,3.67,10.0,49.1,13.0,3.0,0.0,1.0,84.1
2014-02-14,2014,2,Feb,1,7,Daily,4.0,4.01,3.2,42.3,13.0,4.0,0.0,6.0,76.50999999999999
2014-02-15,2014,2,Feb,1,7,Daily,1.0,2.34,2.0,37.0,9.0,0.0,1.0,5.0,57.34
2014-02-16,2014,2,Feb,1,7,Daily,0.0,1.68,1.2,34.0,5.0,2.0,3.0,1.0,47.88
2014-02-17,2014,2,Feb,1,8,Daily,7.34,4.0,12.7,27.0,13.0,1.0,7.0,0.0,72.03999999999999
2014-02-18,2014,2,Feb,1,8,Daily,7.34,7.36,6.1,45.0,14.0,0.0,13.0,5.0,97.8
2014-02-19,2014,2,Feb,1,8,Daily,3.33,5.02,5.5,66.8,17.0,1.0,6.0,1.0,105.64999999999999
2014-02-20,2014,2,Feb,1,8,Daily,7.0,7.02,3.2,21.5,16.0,3.0,8.0,1.0,66.72
2014-02-21,2014,2,Feb,1,8,Daily,6.0,4.34,9.0,25.4,17.0,0.0,0.0,0.0,61.739999999999995
2014-02-22,2014,2,Feb,1,8,Daily,7.0,3.17,5.7,26.0,12.0,0.0,1.0,0.0,54.870000000000005
2014-02-23,2014,2,Feb,1,8,Daily,1.0,3.34,2.0,21.0,10.0,0.0,0.0,0.0,37.34
2014-02-24,2014,2,Feb,1,9,Daily,7.0,4.68,5.5,26.5,4.0,0.0,0.0,3.0,50.68
2014-02-25,2014,2,Feb,1,9,Daily,5.0,1.68,11.2,34.5,13.0,0.0,0.0,2.0,67.38
2014-02-26,2014,2,Feb,1,9,Daily,5.0,4.01,1.0,34.0,5.0,0.0,12.0,1.0,62.01
2014-02-27,2014,2,Feb,1,9,Daily,3.0,6.34,4.0,33.2,8.0,1.0,2.0,1.0,58.540000000000006
2014-02-28,2014,2,Feb,1,9,Daily,7.0,7.36,5.3,37.0,12.0,1.0,2.0,0.0,71.66
2014-03-01,2014,3,Mar,1,9,Daily,6.34,3.68,11.355,50.7,8.0,0.0,0.0,2.1,82.175
2014-03-02,2014,3,Mar,1,9,Daily,3.34,1.0,2.0,6.6,2.0,0.0,0.0,1.0,15.94
2014-03-03,2014,3,Mar,1,10,Daily,4.0,3.68,1.6,22.1,1.0,2.0,0.0,2.2,36.580000000000005
2014-03-04,2014,3,Mar,1,10,Daily,5.34,7.02,7.2,47.275,9.0,0.0,5.0,4.0,84.835
2014-03-05,2014,3,Mar,1,10,Daily,3.34,1.0,3.0,25.0,4.0,0.0,1.0,0.0,37.34
2014-03-06,2014,3,Mar,1,10,Daily,3.0,2.0,5.5,44.1,17.0,1.0,5.0,1.0,78.6
2014-03-07,2014,3,Mar,1,10,Daily,4.0,4.34,9.5,25.0,3.0,1.0,0.0,2.0,48.84
2014-03-08,2014,3,Mar,1,10,Daily,4.34,3.07,1.0,27.6,11.0,0.0,0.0,0.0,47.010000000000005
2014-03-09,2014,3,Mar,1,10,Daily,1.0,0.0,4.0,11.3,3.0,0.0,5.0,0.0,24.3
2014-03-10,2014,3,Mar,1,11,Daily,6.68,5.35,3.8,47.0,11.0,0.0,0.0,2.0,75.83
2014-03-11,2014,3,Mar,1,11,Daily,6.0,5.7,7.0,30.4,12.0,1.0,1.0,5.0,68.1
2014-03-12,2014,3,Mar,1,11,Daily,6.34,2.68,6.5,19.6,22.0,3.0,2.0,2.0,64.12
2014-03-13,2014,3,Mar,1,11,Daily,2.31,4.36,5.3,15.5,10.0,0.0,26.0,2.0,65.47
2014-03-14,2014,3,Mar,1,11,Daily,4.34,1.68,1.2,16.0,11.0,0.0,1.0,2.0,37.22
2014-03-15,2014,3,Mar,1,11,Daily,4.0,2.0,11.0,23.3,18.0,1.0,6.0,2.0,67.3
2014-03-16,2014,3,Mar,1,11,Daily,2.68,2.0,1.4,13.0,6.0,0.0,0.0,4.0,29.08
2014-03-17,2014,3,Mar,1,12,Daily,8.68,3.34,7.0,37.0,6.0,1.0,0.0,1.0,64.02
2014-03-18,2014,3,Mar,1,12,Daily,8.0,4.0,5.0,20.1,9.0,0.0,0.0,4.0,50.1
2014-03-19,2014,3,Mar,1,12,Daily,4.0,3.02,4.0,21.8,2.0,0.0,0.0,2.0,36.82
2014-03-20,2014,3,Mar,1,12,Daily,3.0,5.34,1.6,38.2,5.0,0.0,7.0,4.2,64.34
2014-03-21,2014,3,Mar,1,12,Daily,6.0,3.68,4.5,40.0,4.0,0.0,2.0,1.0,61.18
2014-03-22,2014,3,Mar,1,12,Daily,3.34,2.34,0.0,26.3,10.0,2.0,18.0,8.4,70.38000000000001
2014-03-23,2014,3,Mar,1,12,Daily,6.34,2.0,4.0,19.4,0.0,1.0,0.0,3.0,35.739999999999995
2014-03-24,2014,3,Mar,1,13,Daily,5.68,1.0,4.0,23.6,7.0,0.0,6.0,3.5,50.78
2014-03-25,2014,3,Mar,1,13,Daily,4.0,1.34,9.0,38.6,7.0,0.0,1.0,1.0,61.94
2014-03-26,2014,3,Mar,1,13,Daily,2.34,3.99,9.0,6.7,7.0,3.0,3.0,0.0,35.03
2014-03-27,2014,3,Mar,1,13,Daily,4.0,0.33,2.0,20.7,6.0,1.0,1.0,5.0,40.03
2014-03-28,2014,3,Mar,1,13,Daily,2.67,2.0,8.0,11.0,3.0,0.0,9.0,5.0,40.67
2014-03-29,2014,3,Mar,1,13,Daily,4.0,6.33,4.2,24.0,8.0,2.0,9.0,3.0,60.53
2014-03-30,2014,3,Mar,1,13,Daily,3.0,2.34,0.0,12.0,4.0,0.0,0.0,7.0,28.34
2014-03-31,2014,3,Mar,1,14,Daily,5.34,2.34,4.0,15.4,6.0,1.0,4.0,6.0,44.08
2014-04-01,2014,4,Apr,2,14,Daily,4.34,1.34,6.5,27.5,5.0,3.0,3.0,1.0,51.68
2014-04-02,2014,4,Apr,2,14,Daily,2.0,4.68,8.9,23.0,1.0,0.0,7.0,3.0,49.58
2014-04-03,2014,4,Apr,2,14,Daily,1.0,1.34,3.0,19.2,4.0,0.0,0.0,4.0,32.54
2014-04-04,2014,4,Apr,2,14,Daily,3.0,3.67,3.0,24.0,9.0,3.0,8.0,2.0,55.67
2014-04-05,2014,4,Apr,2,14,Daily,2.0,7.68,10.0,25.6,5.0,0.0,5.0,3.0,58.28
2014-04-06,2014,4,Apr,2,14,Daily,2.0,1.0,1.0,19.0,1.0,0.0,0.0,1.0,25.0
2014-04-07,2014,4,Apr,2,15,Daily,6.34,6.0,6.5,31.5,4.0,0.0,0.0,1.0,55.34
2014-04-08,2014,4,Apr,2,15,Daily,4.34,2.34,1.7,19.0,6.0,1.0,0.0,4.7,39.08
2014-04-09,2014,4,Apr,2,15,Daily,6.0,1.02,1.0,18.0,2.0,1.0,2.0,2.6,33.62
2014-04-10,2014,4,Apr,2,15,Daily,3.33,1.68,1.0,18.0,10.0,0.0,4.0,4.0,42.01
2014-04-11,2014,4,Apr,2,15,Daily,6.0,4.0,3.0,25.0,2.0,2.0,0.0,2.0,44.0
2014-04-12,2014,4,Apr,2,15,Daily,7.02,3.34,6.0,23.5,19.0,0.0,11.0,4.0,73.86
2014-04-13,2014,4,Apr,2,15,Daily,3.0,2.0,2.0,6.0,3.0,0.0,5.0,2.0,23.0
2014-04-14,2014,4,Apr,2,16,Daily,1.34,4.68,5.35,28.28,10.0,0.0,5.0,5.0,59.65
2014-04-15,2014,4,Apr,2,16,Daily,4.34,3.0,6.4,18.7,12.0,0.0,10.0,1.0,55.44
2014-04-16,2014,4,Apr,2,16,Daily,2.0,1.01,4.2,25.62,1.0,0.0,6.0,4.0,43.83
2014-04-17,2014,4,Apr,2,16,Daily,5.34,0.34,7.2,16.0,19.0,0.0,0.0,0.0,47.879999999999995
2014-04-18,2014,4,Apr,2,16,Daily,7.0,7.0,8.0,23.3,10.0,1.0,0.0,5.0,61.3
2014-04-19,2014,4,Apr,2,16,Daily,7.34,3.35,4.0,22.3,7.0,0.0,3.0,5.0,51.99
2014-04-20,2014,4,Apr,2,16,Daily,0.0,0.0,0.0,0.0,0.0,0.0,0.0,0.0,0.0
2014-04-21,2014,4,Apr,2,17,Daily,1.34,1.68,2.1,13.5,8.0,0.0,0.0,1.0,27.62
2014-04-22,2014,4,Apr,2,17,Daily,5.34,7.165,3.3,32.0,8.0,1.0,0.0,1.0,57.805
2014-04-23,2014,4,Apr,2,17,Daily,6.34,2.34,3.0,24.9,8.0,1.0,2.0,1.0,48.58
2014-04-24,2014,4,Apr,2,17,Daily,2.0,2.0,1.1,26.0,6.0,0.0,6.0,2.0,45.1
2014-04-25,2014,4,Apr,2,17,Daily,3.0,2.02,5.0,24.9,10.0,1.0,1.0,3.0,49.92
2014-04-26,2014,4,Apr,2,17,Daily,4.34,2.67,5.5,35.0,12.0,1.0,6.0,4.0,70.50999999999999
2014-04-27,2014,4,Apr,2,17,Daily,4.0,2.34,2.0,26.2,2.0,0.0,1.0,1.0,38.54
2014-04-28,2014,4,Apr,2,18,Daily,1.34,3.09,3.0,29.1,8.0,2.0,0.0,2.0,48.53
2014-04-29,2014,4,Apr,2,18,Daily,3.33,4.02,4.4,30.3,6.0,1.0,5.0,0.4,54.449999999999996
2014-04-30,2014,4,Apr,2,18,Daily,4.34,2.68,7.0,43.1,11.0,0.0,7.0,4.0,79.12
2014-05-01,2014,5,May,2,18,Daily,0.0,0.0,0.0,0.0,0.0,0.0,0.0,0.0,0.0
2014-05-02,2014,5,May,2,18,Daily,7.34,7.34,6.3,39.5,16.0,1.0,12.0,2.0,91.48
2014-05-03,2014,5,May,2,18,Daily,4.0,5.34,2.0,14.6,5.0,2.0,0.0,2.5,35.44
2014-05-04,2014,5,May,2,18,Daily,1.67,4.69,1.2,20.0,3.0,0.0,0.0,3.0,33.56
2014-05-05,2014,5,May,2,19,Daily,3.0,5.785,5.0,20.0,7.0,0.0,3.0,4.0,47.785
2014-05-06,2014,5,May,2,19,Daily,7.34,4.36,4.0,22.0,10.0,2.0,6.0,5.0,60.7
2014-05-07,2014,5,May,2,19,Daily,3.33,6.32,3.0,16.8,8.0,1.0,3.0,11.0,52.45
2014-05-08,2014,5,May,2,19,Daily,2.0,2.34,3.4,20.4,10.0,3.0,0.0,5.0,46.14
2014-05-09,2014,5,May,2,19,Daily,2.0,5.0,4.2,16.0,12.0,2.0,1.0,2.0,44.2
2014-05-10,2014,5,May,2,19,Daily,5.0,6.0,9.0,39.4,15.0,3.0,1.0,5.0,83.4
2014-05-11,2014,5,May,2,19,Daily,2.0,2.68,1.0,17.0,7.0,0.0,1.0,4.0,34.68
2014-05-12,2014,5,May,2,20,Daily,4.34,3.34,9.0,12.0,8.0,0.0,5.0,2.0,43.68
2014-05-13,2014,5,May,2,20,Daily,3.68,0.34,6.2,32.0,7.0,0.0,25.0,7.5,81.72
2014-05-14,2014,5,May,2,20,Daily,1.0,4.02,6.0,24.3,4.0,0.0,0.0,3.0,42.32
2014-05-15,2014,5,May,2,20,Daily,2.34,2.02,3.0,19.3,7.0,0.0,1.0,2.0,36.66
2014-05-16,2014,5,May,2,20,Daily,5.34,7.0,3.0,22.0,10.0,1.0,11.0,1.0,60.34
2014-05-17,2014,5,May,2,20,Daily,2.34,7.68,3.0,35.0,14.0,1.0,0.0,2.0,65.02
2014-05-18,2014,5,May,2,20,Daily,3.34,2.0,5.0,9.4,6.0,0.0,0.0,1.0,26.740000000000002
2014-05-19,2014,5,May,2,21,Daily,8.34,3.84,6.1,12.8,5.0,0.0,3.0,9.0,48.08
2014-05-20,2014,5,May,2,21,Daily,1.0,2.375,7.0,27.0,10.0,1.0,0.0,3.6,51.975
2014-05-21,2014,5,May,2,21,Daily,2.0,4.68,9.5,15.4,6.0,1.0,0.0,3.0,41.58
2014-05-22,2014,5,May,2,21,Daily,3.68,1.33,1.2,8.0,8.0,0.0,2.0,4.0,28.21
2014-05-23,2014,5,May,2,21,Daily,5.0,2.34,3.9,17.5,8.0,2.0,10.0,7.0,55.74
2014-05-24,2014,5,May,2,21,Daily,3.0,4.713,5.0,28.0,11.0,1.0,0.0,9.0,61.713
2014-05-25,2014,5,May,2,21,Daily,2.0,3.0,1.0,7.0,8.0,0.0,5.0,1.0,27.0
2014-05-26,2014,5,May,2,22,Daily,2.68,3.34,7.4,18.0,7.0,1.0,0.0,5.0,44.42
2014-05-27,2014,5,May,2,22,Daily,0.0,2.34,5.0,28.6,12.0,1.0,1.0,6.0,55.94
2014-05-28,2014,5,May,2,22,Daily,1.34,5.02,1.4,10.28,9.0,0.0,2.0,5.1,34.14
2014-05-29,2014,5,May,2,22,Daily,4.0,5.34,6.3,27.0,13.0,0.0,0.0,2.0,57.64
2014-05-30,2014,5,May,2,22,Daily,3.02,2.02,2.0,21.5,14.0,0.0,0.0,5.0,47.54
2014-05-31,2014,5,May,2,22,Daily,5.67,3.34,2.0,28.0,10.0,0.0,15.0,2.0,66.00999999999999
2014-06-01,2014,6,Jun,2,22,Daily,1.0,0.68,1.0,10.0,4.0,1.0,1.0,3.0,21.68
2014-06-02,2014,6,Jun,2,23,Daily,4.0,4.34,10.0,23.3,16.0,3.0,0.0,3.0,63.64
2014-06-03,2014,6,Jun,2,23,Daily,3.0,2.0,2.4,24.0,7.0,2.0,5.0,3.0,48.4
2014-06-04,2014,6,Jun,2,23,Daily,1.0,4.68,3.5,24.0,6.0,0.0,1.0,2.5,42.68
2014-06-05,2014,6,Jun,2,23,Daily,0.34,4.68,4.5,22.5,4.0,0.0,0.0,5.0,41.019999999999996
2014-06-06,2014,6,Jun,2,23,Daily,5.0,1.68,3.0,16.625,15.0,2.0,1.0,5.0,49.305
2014-06-07,2014,6,Jun,2,23,Daily,9.0,3.68,7.5,33.0,8.0,1.0,6.0,7.0,75.18
2014-06-08,2014,6,Jun,2,23,Daily,1.0,2.0,3.0,11.0,8.0,0.0,6.0,2.0,33.0
2014-06-09,2014,6,Jun,2,24,Daily,6.33,1.34,5.0,18.0,17.0,4.0,0.0,11.0,62.67
2014-06-10,2014,6,Jun,2,24,Daily,8.68,2.68,4.3,23.0,16.0,2.0,2.0,6.5,65.16
2014-06-11,2014,6,Jun,2,24,Daily,4.34,0.68,2.3,12.5,16.0,2.0,12.0,9.0,58.82
2014-06-12,2014,6,Jun,2,24,Daily,4.34,3.0,1.0,15.8,12.0,0.0,2.0,3.0,41.14
2014-06-13,2014,6,Jun,2,24,Daily,1.0,2.68,5.0,10.0,11.0,0.0,3.0,1.0,33.68
2014-06-14,2014,6,Jun,2,24,Daily,4.0,5.02,6.0,8.0,10.0,0.0,1.0,3.0,37.019999999999996
2014-06-15,2014,6,Jun,2,24,Daily,0.34,2.0,0.0,8.0,5.0,0.0,0.0,3.3,18.64
2014-06-16,2014,6,Jun,2,25,Daily,4.34,4.34,7.4,12.2,11.0,0.0,5.0,5.0,49.28
2014-06-17,2014,6,Jun,2,25,Daily,5.0,2.34,4.0,14.0,12.0,2.0,0.0,3.0,42.34
2014-06-18,2014,6,Jun,2,25,Daily,2.0,2.0,4.7,18.0,6.0,0.0,1.0,3.0,36.7
2014-06-19,2014,6,Jun,2,25,Daily,3.0,3.33,1.0,14.0,8.0,0.0,0.0,1.0,30.33
2014-06-20,2014,6,Jun,2,25,Daily,7.34,2.02,3.0,14.5,9.0,0.0,3.0,6.0,44.86
2014-06-21,2014,6,Jun,2,25,Daily,6.0,5.68,2.0,16.0,12.0,3.0,0.0,3.0,47.68
2014-06-22,2014,6,Jun,2,25,Daily,4.0,1.02,4.0,18.0,8.0,0.0,2.0,3.0,40.019999999999996
2014-06-23,2014,6,Jun,2,26,Daily,2.34,7.68,3.0,25.2,12.0,0.0,2.0,3.0,55.22
2014-06-24,2014,6,Jun,2,26,Daily,3.0,5.14,4.0,16.2,23.0,0.0,2.0,4.0,57.34
2014-06-25,2014,6,Jun,2,26,Daily,8.0,5.34,7.0,33.8,19.0,0.0,0.0,1.0,74.14
2014-06-26,2014,6,Jun,2,26,Daily,3.0,2.0,11.3,19.3,14.0,0.0,0.0,1.0,50.6
2014-06-27,2014,6,Jun,2,26,Daily,4.34,1.0,6.0,32.3,13.0,0.0,1.0,3.0,60.64
2014-06-28,2014,6,Jun,2,26,Daily,0.34,5.34,5.0,20.0,14.0,1.0,1.0,5.0,51.68
2014-06-29,2014,6,Jun,2,26,Daily,0.0,1.0,1.0,10.0,1.0,0.0,0.0,1.0,14.0
2014-06-30,2014,6,Jun,2,27,Daily,6.0,5.34,1.0,25.0,6.0,0.0,0.0,0.0,43.34
2014-07-01,2014,7,Jul,3,27,Daily,4.34,2.34,2.0,19.0,10.0,0.0,0.0,2.0,39.68
2014-07-02,2014,7,Jul,3,27,Daily,3.0,0.34,4.0,21.6,7.0,0.0,6.0,3.0,44.94
2014-07-03,2014,7,Jul,3,27,Daily,2.33,5.68,7.0,12.5,7.0,2.0,0.0,2.0,38.51
2014-07-04,2014,7,Jul,3,27,Daily,4.34,4.7,7.0,10.5,14.0,0.0,2.0,3.0,45.54
2014-07-05,2014,7,Jul,3,27,Daily,3.34,4.34,6.0,37.0,11.0,1.0,0.0,0.0,62.68
2014-07-06,2014,7,Jul,3,27,Daily,4.0,2.0,3.0,10.2,9.0,0.0,0.0,0.0,28.2
2014-07-07,2014,7,Jul,3,28,Daily,2.0,3.34,4.0,13.0,11.0,0.0,0.0,4.0,37.34
2014-07-08,2014,7,Jul,3,28,Daily,6.34,2.34,3.0,14.0,3.0,0.0,5.0,1.0,34.68
2014-07-09,2014,7,Jul,3,28,Daily,3.0,6.34,5.0,13.0,6.0,4.0,0.0,2.2,39.540000000000006
2014-07-10,2014,7,Jul,3,28,Daily,2.33,4.66,8.0,21.2,32.0,0.0,5.0,4.0,77.19
2014-07-11,2014,7,Jul,3,28,Daily,2.0,1.68,3.2,16.5,17.0,0.0,5.0,1.0,46.379999999999995
2014-07-12,2014,7,Jul,3,28,Daily,8.34,2.68,10.5,28.1,12.0,3.0,12.0,4.0,80.62
2014-07-13,2014,7,Jul,3,28,Daily,2.0,1.34,1.0,17.0,2.0,0.0,0.0,0.0,23.34
2014-07-14,2014,7,Jul,3,29,Daily,5.0,3.04,3.0,11.8,19.0,1.0,2.0,2.0,46.84
2014-07-15,2014,7,Jul,3,29,Daily,3.34,1.68,1.0,15.6,18.0,0.0,0.0,1.3,40.919999999999995
2014-07-16,2014,7,Jul,3,29,Daily,4.0,3.34,3.0,13.0,12.0,1.0,4.0,0.0,40.34
2014-07-17,2014,7,Jul,3,29,Daily,2.0,3.0,5.0,25.0,14.0,1.0,0.0,1.0,51.0
2014-07-18,2014,7,Jul,3,29,Daily,9.0,2.34,1.5,14.2,6.0,3.0,0.0,4.0,40.04
2014-07-19,2014,7,Jul,3,29,Daily,7.33,7.02,6.0,8.4,10.0,0.0,6.0,6.0,50.75
2014-07-20,2014,7,Jul,3,29,Daily,3.0,0.34,1.0,8.0,5.0,0.0,0.0,0.1,17.44
2014-07-21,2014,7,Jul,3,30,Daily,3.0,4.68,8.0,20.0,13.0,1.0,0.0,2.0,51.68
2014-07-22,2014,7,Jul,3,30,Daily,5.0,5.68,3.0,9.0,7.0,0.0,1.0,2.0,32.68
2014-07-23,2014,7,Jul,3,30,Daily,2.67,6.37,2.0,8.0,19.0,0.0,0.0,3.0,41.04
2014-07-24,2014,7,Jul,3,30,Daily,5.34,2.0,4.4,23.0,5.0,0.0,0.0,2.0,41.74
2014-07-25,2014,7,Jul,3,30,Daily,5.0,2.02,7.5,10.0,15.0,1.0,1.0,2.0,43.519999999999996
2014-07-26,2014,7,Jul,3,30,Daily,4.0,6.68,6.2,36.2,13.0,0.0,0.0,4.0,70.08
2014-07-27,2014,7,Jul,3,30,Daily,3.0,1.34,2.0,10.0,5.0,0.0,6.0,1.0,28.34
2014-07-28,2014,7,Jul,3,31,Daily,2.0,1.34,2.0,9.1,9.0,0.0,0.0,2.0,25.439999999999998
2014-07-29,2014,7,Jul,3,31,Daily,2.34,0.68,1.0,13.0,15.0,3.0,0.0,5.0,40.019999999999996
2014-07-30,2014,7,Jul,3,31,Daily,0.68,1.34,5.0,13.5,14.0,0.0,6.0,4.5,45.019999999999996
2014-07-31,2014,7,Jul,3,31,Daily,3.0,0.34,4.0,10.5,8.0,0.0,0.0,1.0,26.84
2014-08-01,2014,8,Aug,3,31,Daily,2.0,1.0,2.2,14.0,17.0,1.0,0.0,1.0,38.2
2014-08-02,2014,8,Aug,3,31,Daily,5.0,2.01,6.0,29.0,12.0,0.0,5.0,3.0,62.01
2014-08-03,2014,8,Aug,3,31,Daily,5.0,1.0,3.0,6.0,5.0,5.0,0.0,0.0,25.0
2014-08-04,2014,8,Aug,3,32,Daily,4.0,5.02,6.0,21.5,14.0,0.0,0.0,4.0,54.519999999999996
2014-08-05,2014,8,Aug,3,32,Daily,2.0,1.34,3.0,17.1,9.0,0.0,0.0,0.0,32.44
2014-08-06,2014,8,Aug,3,32,Daily,6.0,5.0,1.4,17.0,7.0,1.0,1.0,1.0,39.4
2014-08-07,2014,8,Aug,3,32,Daily,3.34,2.68,3.0,33.0,13.0,1.0,0.0,2.0,58.019999999999996
2014-08-08,2014,8,Aug,3,32,Daily,5.02,4.02,5.0,13.0,12.0,3.0,2.0,2.0,46.04
2014-08-09,2014,8,Aug,3,32,Daily,4.0,1.34,6.0,19.0,24.0,3.0,0.0,5.9,63.24
2014-08-10,2014,8,Aug,3,32,Daily,4.0,0.34,4.0,3.0,4.0,0.0,0.0,2.0,17.34
2014-08-11,2014,8,Aug,3,33,Daily,8.0,5.36,9.2,20.0,18.0,0.0,0.0,2.0,62.56
2014-08-12,2014,8,Aug,3,33,Daily,0.0,1.36,4.5,10.0,8.0,1.0,0.0,4.6,29.46
2014-08-13,2014,8,Aug,3,33,Daily,1.34,3.34,1.0,20.3,11.0,0.0,0.0,7.0,43.980000000000004
2014-08-14,2014,8,Aug,3,33,Daily,4.0,2.34,6.0,14.4,13.0,0.0,0.0,6.0,45.74
2014-08-15,2014,8,Aug,3,33,Daily,4.34,4.02,7.0,13.2,15.0,2.0,3.0,2.0,50.56
2014-08-16,2014,8,Aug,3,33,Daily,8.0,2.43,5.0,19.0,27.0,2.0,0.0,1.0,64.43
2014-08-17,2014,8,Aug,3,33,Daily,0.34,0.68,2.0,6.5,7.0,0.0,0.0,1.0,17.52
2014-08-18,2014,8,Aug,3,34,Daily,4.34,6.0,3.1,16.5,21.0,3.0,10.0,2.0,65.94
2014-08-19,2014,8,Aug,3,34,Daily,11.34,6.35,5.0,16.1,13.0,1.0,3.0,1.1,56.89
2014-08-20,2014,8,Aug,3,34,Daily,5.34,5.34,1.4,9.0,10.0,2.0,0.0,1.0,34.08
2014-08-21,2014,8,Aug,3,34,Daily,3.0,1.0,2.0,18.0,16.0,1.0,0.0,2.2,43.2
2014-08-22,2014,8,Aug,3,34,Daily,6.34,1.34,5.0,19.0,15.0,0.0,0.0,1.0,47.68
2014-08-23,2014,8,Aug,3,34,Daily,3.0,3.02,1.0,25.6,5.0,0.0,0.0,4.0,41.620000000000005
2014-08-24,2014,8,Aug,3,34,Daily,3.0,2.175,3.0,7.0,12.0,0.0,1.0,0.0,28.175
2014-08-25,2014,8,Aug,3,35,Daily,4.01,3.175,3.0,21.2,21.0,0.0,0.0,0.0,52.385
2014-08-26,2014,8,Aug,3,35,Daily,2.34,5.34,3.0,31.0,14.0,1.0,1.0,3.0,60.68
2014-08-27,2014,8,Aug,3,35,Daily,3.34,8.02,4.0,21.0,14.0,0.0,0.0,3.0,53.36
2014-08-28,2014,8,Aug,3,35,Daily,2.34,5.36,6.0,32.67,19.0,0.0,4.0,0.0,69.37
2014-08-29,2014,8,Aug,3,35,Daily,6.34,3.68,5.0,26.28,18.0,1.0,0.0,3.0,63.3
2014-08-30,2014,8,Aug,3,35,Daily,3.68,3.02,7.0,13.0,13.0,1.0,0.0,4.0,44.7
2014-08-31,2014,8,Aug,3,35,Daily,0.0,2.68,1.0,15.0,13.0,0.0,7.0,2.0,40.68
2014-09-01,2014,9,Sep,3,36,Daily,3.34,1.715,1.0,15.5,15.0,0.0,0.0,5.5,42.055
2014-09-02,2014,9,Sep,3,36,Daily,2.34,4.68,5.2,20.14,7.0,0.0,2.0,3.0,44.36
2014-09-03,2014,9,Sep,3,36,Daily,7.0,6.34,4.0,22.18,12.0,0.0,2.0,3.0,56.519999999999996
2014-09-04,2014,9,Sep,3,36,Daily,5.68,5.34,3.0,17.6,21.0,1.0,0.0,1.0,54.620000000000005
2014-09-05,2014,9,Sep,3,36,Daily,4.0,0.779,3.0,15.6,15.0,2.0,0.0,2.0,42.379
2014-09-06,2014,9,Sep,3,36,Daily,5.34,5.0,2.4,15.7,30.0,2.0,5.0,3.1,68.53999999999999
2014-09-07,2014,9,Sep,3,36,Daily,2.0,5.515,5.0,7.0,9.0,0.0,0.0,1.0,29.515
2014-09-08,2014,9,Sep,3,37,Daily,1.0,5.36,3.5,20.8,15.0,0.0,1.0,4.0,50.66
2014-09-09,2014,9,Sep,3,37,Daily,6.34,2.34,4.0,29.2,17.0,0.0,2.0,1.2,62.08
2014-09-10,2014,9,Sep,3,37,Daily,4.34,3.34,3.5,37.8,12.0,0.0,0.0,1.0,61.98
2014-09-11,2014,9,Sep,3,37,Daily,0.0,1.34,4.0,32.2,15.0,0.0,10.0,0.0,62.540000000000006
2014-09-12,2014,9,Sep,3,37,Daily,2.68,2.67,1.0,20.0,19.0,0.0,8.0,1.0,54.35
2014-09-13,2014,9,Sep,3,37,Daily,3.0,5.36,4.4,56.85,20.0,0.0,1.0,3.0,93.61
2014-09-14,2014,9,Sep,3,37,Daily,1.34,2.0,2.0,19.5,6.0,0.0,6.0,0.0,36.84
2014-09-15,2014,9,Sep,3,38,Daily,1.34,3.0,5.4,28.2,9.0,0.0,1.0,0.0,47.94
2014-09-16,2014,9,Sep,3,38,Daily,4.0,2.68,0.0,59.3,13.0,0.0,0.0,0.0,78.97999999999999
2014-09-17,2014,9,Sep,3,38,Daily,2.34,6.0,4.0,39.6,11.0,2.0,19.0,4.0,87.94
2014-09-18,2014,9,Sep,3,38,Daily,3.0,2.02,1.0,44.0,7.0,0.0,0.0,1.0,58.019999999999996
2014-09-19,2014,9,Sep,3,38,Daily,2.0,4.34,7.8,23.0,8.0,0.0,22.0,0.0,67.14
2014-09-20,2014,9,Sep,3,38,Daily,4.34,1.855,4.5,20.6,14.0,1.0,2.0,0.0,48.295
2014-09-21,2014,9,Sep,3,38,Daily,1.0,3.02,6.0,12.4,7.0,0.0,0.0,3.0,32.42
2014-09-22,2014,9,Sep,3,39,Daily,3.34,4.0,5.5,34.2,10.0,1.0,0.0,2.0,60.040000000000006
2014-09-23,2014,9,Sep,3,39,Daily,3.0,3.34,5.5,26.0,10.0,0.0,1.0,2.0,50.84
2014-09-24,2014,9,Sep,3,39,Daily,6.0,3.34,1.4,24.7,14.0,0.0,0.0,0.0,49.44
2014-09-25,2014,9,Sep,3,39,Daily,4.68,6.34,8.2,49.15,15.0,1.0,1.0,5.0,90.37
2014-09-26,2014,9,Sep,3,39,Daily,4.0,3.68,3.5,38.0,22.0,2.0,0.0,1.0,74.18
2014-09-27,2014,9,Sep,3,39,Daily,4.0,2.0,6.0,46.3,18.0,0.0,0.0,4.0,80.3
2014-09-28,2014,9,Sep,3,39,Daily,0.34,2.68,1.0,21.2,6.0,0.0,0.0,2.0,33.22
2014-09-29,2014,9,Sep,3,40,Daily,7.0,3.68,2.3,29.8,12.0,0.0,10.0,4.0,68.78
2014-09-30,2014,9,Sep,3,40,Daily,10.0,5.34,4.0,61.3,10.0,2.0,22.0,2.0,116.64
2014-10-01,2014,10,Oct,4,40,Daily,2.34,0.0,2.4,44.0,15.0,0.0,11.0,2.0,76.74000000000001
2014-10-02,2014,10,Oct,4,40,Daily,2.0,4.99,5.0,23.9,11.0,0.0,2.0,1.0,49.89
2014-10-03,2014,10,Oct,4,40,Daily,4.33,1.34,5.9,44.14,12.0,0.0,11.0,2.0,80.71000000000001
2014-10-04,2014,10,Oct,4,40,Daily,4.68,7.766,8.0,49.9,12.0,1.0,25.0,0.0,108.346
2014-10-05,2014,10,Oct,4,40,Daily,2.0,3.34,3.0,19.0,1.0,0.0,0.0,3.0,31.34
2014-10-06,2014,10,Oct,4,41,Daily,5.34,1.365,2.4,69.875,13.0,1.0,0.0,1.0,93.98
2014-10-07,2014,10,Oct,4,41,Daily,3.0,4.34,2.2,41.7,17.0,1.0,5.0,0.0,74.24000000000001
2014-10-08,2014,10,Oct,4,41,Daily,3.68,6.0,7.0,50.0,17.0,0.0,0.0,2.0,85.68
2014-10-09,2014,10,Oct,4,41,Daily,1.0,4.69,6.0,48.2,10.0,2.0,5.0,0.0,76.89
2014-10-10,2014,10,Oct,4,41,Daily,4.34,2.68,9.0,28.8,24.0,3.0,6.0,0.5,78.32
2014-10-11,2014,10,Oct,4,41,Daily,3.34,3.68,5.0,35.9,15.0,0.0,0.0,5.0,67.92
2014-10-12,2014,10,Oct,4,41,Daily,3.0,0.33,1.5,22.5,7.0,0.0,5.0,2.0,41.33
2014-10-13,2014,10,Oct,4,42,Daily,1.68,4.0,6.2,31.9,11.0,0.0,1.0,2.0,57.78
2014-10-14,2014,10,Oct,4,42,Daily,3.0,5.41,4.8,31.8,7.0,0.0,11.0,0.0,63.010000000000005
2014-10-15,2014,10,Oct,4,42,Daily,1.33,6.35,3.5,23.7,14.0,1.0,2.0,4.0,55.879999999999995
2014-10-16,2014,10,Oct,4,42,Daily,6.775,3.5103125,2.9375,58.921875,9.0625,0.625,5.0,2.1875,89.0196875
2014-10-17,2014,10,Oct,4,42,Daily,3.0,2.34,3.4,42.0,22.0,3.0,0.0,2.0,77.74000000000001
2014-10-18,2014,10,Oct,4,42,Daily,4.0,6.0,5.5,21.4,24.0,0.0,3.0,2.0,65.9
2014-10-19,2014,10,Oct,4,42,Daily,3.33,3.0,2.0,13.9,9.0,0.0,6.0,1.0,38.230000000000004
2014-10-20,2014,10,Oct,4,43,Daily,3.34,5.66,7.3,35.4,25.0,2.0,0.0,1.0,79.7
2014-10-21,2014,10,Oct,4,43,Daily,2.34,4.34,6.4,14.3,11.0,0.0,20.0,1.0,59.38
2014-10-22,2014,10,Oct,4,43,Daily,3.33,2.0,2.6,20.9,7.0,0.0,2.0,1.0,38.83
2014-10-23,2014,10,Oct,4,43,Daily,1.34,4.33,0.0,32.2,7.0,1.0,0.0,0.0,45.870000000000005
2014-10-24,2014,10,Oct,4,43,Daily,3.67,2.67,6.3,49.4,18.0,0.0,5.0,1.0,86.03999999999999
2014-10-25,2014,10,Oct,4,43,Daily,2.33,5.14,1.0,31.0,21.0,0.0,2.0,5.0,67.47
2014-10-26,2014,10,Oct,4,43,Daily,3.34,1.0,1.6,30.4,6.0,0.0,1.0,1.0,44.339999999999996
2014-10-27,2014,10,Oct,4,44,Daily,8.34,4.55,4.0,25.3,17.0,1.0,3.0,0.0,63.19
2014-10-28,2014,10,Oct,4,44,Daily,4.0,3.48,10.0,40.4,23.0,0.0,0.0,2.0,82.88
2014-10-29,2014,10,Oct,4,44,Daily,5.0,1.0,6.6,41.0,20.0,2.0,27.0,1.0,103.6
2014-10-30,2014,10,Oct,4,44,Daily,0.0,1.0,5.0,20.3,11.0,1.0,2.0,0.0,40.3
2014-10-31,2014,10,Oct,4,44,Daily,2.0,2.45,4.0,31.0,16.0,0.0,0.0,2.0,57.45
2014-11-01,2014,11,Nov,4,44,Daily,2.33,2.34,3.5,43.8,22.0,0.0,7.0,1.0,81.97
2014-11-02,2014,11,Nov,4,44,Daily,4.0,0.0,1.0,2.0,3.5,0.0,0.0,1.0,11.5
2014-11-03,2014,11,Nov,4,45,Daily,7.0,4.33,1.0,27.8,19.0,0.0,5.0,1.0,65.13
2014-11-04,2014,11,Nov,4,45,Daily,6.33,1.0,5.2,26.5,15.0,0.0,0.0,1.0,55.03
2014-11-05,2014,11,Nov,4,45,Daily,0.0,1.68,4.0,27.0,19.0,3.0,1.0,0.0,55.68
2014-11-06,2014,11,Nov,4,45,Daily,6.0,2.34,5.2,23.4,23.0,1.0,0.0,0.0,60.94
2014-11-07,2014,11,Nov,4,45,Daily,6.0,10.34,5.5,15.8,32.0,1.0,0.0,1.0,71.64
2014-11-08,2014,11,Nov,4,45,Daily,12.0,7.02,6.0,34.4,24.0,0.0,17.0,2.2,102.62
2014-11-09,2014,11,Nov,4,45,Daily,3.34,4.34,2.9,23.0,20.0,0.0,2.0,1.0,56.58
2014-11-10,2014,11,Nov,4,46,Daily,1.0,5.32,3.3,24.3,13.0,0.0,7.0,1.0,54.92
2014-11-11,2014,11,Nov,4,46,Daily,8.0,4.0,2.0,23.0,18.0,0.0,8.0,2.0,65.0
2014-11-12,2014,11,Nov,4,46,Daily,3.0,5.0,4.0,25.0,16.0,0.0,3.0,0.0,56.0
2014-11-13,2014,11,Nov,4,46,Daily,8.0,2.0,5.0,33.2,10.0,0.0,0.0,2.2,60.400000000000006
2014-11-14,2014,11,Nov,4,46,Daily,5.34,0.0,6.0,29.4,20.0,1.0,2.0,3.0,66.74
2014-11-15,2014,11,Nov,4,46,Daily,4.33,5.34,5.0,23.6,20.0,2.0,2.0,2.0,64.27000000000001
2014-11-16,2014,11,Nov,4,46,Daily,2.0,2.68,6.0,18.6,13.0,1.0,0.0,0.0,43.28
2014-11-17,2014,11,Nov,4,47,Daily,9.0,5.01,5.5,23.0,23.0,1.0,10.0,0.2,76.71
2014-11-18,2014,11,Nov,4,47,Daily,2.67,2.0,5.0,19.3,10.5,1.0,0.0,1.0,41.47
2014-11-19,2014,11,Nov,4,47,Daily,1.34,3.67,10.0,32.0,17.0,0.0,10.0,4.0,78.00999999999999
2014-11-20,2014,11,Nov,4,47,Daily,4.0,7.0,5.0,18.8,13.0,0.0,8.0,0.0,55.8
2014-11-21,2014,11,Nov,4,47,Daily,1.34,1.34,3.0,22.4,16.0,0.0,2.0,1.0,47.08
2014-11-22,2014,11,Nov,4,47,Daily,6.0,2.34,3.0,23.7,15.0,1.0,8.0,1.4,60.44
2014-11-23,2014,11,Nov,4,47,Daily,4.0,3.68,6.0,22.3,11.0,0.0,0.0,1.1,48.080000000000005
2014-11-24,2014,11,Nov,4,48,Daily,4.0,3.0,6.0,30.6,19.0,1.0,1.0,2.1,66.69999999999999
2014-11-25,2014,11,Nov,4,48,Daily,5.36,1.68,2.0,19.2,18.0,0.0,2.0,3.0,51.239999999999995
2014-11-26,2014,11,Nov,4,48,Daily,3.0,5.0,6.0,21.0,13.0,3.0,11.0,2.0,64.0
2014-11-27,2014,11,Nov,4,48,Daily,7.0,3.67,2.3,21.2,9.0,1.0,4.0,3.0,51.17
2014-11-28,2014,11,Nov,4,48,Daily,3.02,1.4,15.0,15.9,12.0,1.0,2.0,1.0,51.32
2014-11-29,2014,11,Nov,4,48,Daily,3.0,2.01,3.3,31.0,16.0,0.0,0.0,5.0,60.31
2014-11-30,2014,11,Nov,4,48,Daily,5.68,1.33,5.0,22.6,9.0,1.0,0.0,2.0,46.61
2014-12-01,2014,12,Dec,4,49,Daily,4.34,4.01,0.0,36.4,19.0,0.0,2.0,2.0,67.75
2014-12-02,2014,12,Dec,4,49,Daily,6.99,4.33,3.7,7.8,26.0,0.0,4.0,1.0,53.82
2014-12-03,2014,12,Dec,4,49,Daily,4.0,3.33,5.0,16.6,23.0,2.0,13.0,3.2,70.13000000000001
2014-12-04,2014,12,Dec,4,49,Daily,3.0,4.34,3.6,28.7,16.0,1.0,1.0,0.0,57.64
2014-12-05,2014,12,Dec,4,49,Daily,2.02,5.68,1.0,28.1,15.0,1.0,1.0,2.2,56.0
2014-12-06,2014,12,Dec,4,49,Daily,3.34,3.68,1.0,12.4,9.0,0.0,7.0,1.0,37.42
2014-12-07,2014,12,Dec,4,49,Daily,5.0,4.911,4.0,45.7,6.0,0.0,12.0,0.0,77.611
2014-12-08,2014,12,Dec,4,50,Daily,1.0,3.33,2.0,20.3,9.0,0.0,0.0,0.0,35.63
2014-12-09,2014,12,Dec,4,50,Daily,1.0,2.34,7.0,27.28,12.0,1.0,0.0,2.0,52.620000000000005
2014-12-10,2014,12,Dec,4,50,Daily,3.34,3.0,2.0,51.2,28.0,3.0,6.0,0.0,96.54
2014-12-11,2014,12,Dec,4,50,Daily,2.34,5.33,7.0,16.3,21.0,2.0,0.0,0.0,53.97
2014-12-12,2014,12,Dec,4,50,Daily,6.34,2.34,5.6,41.4,18.0,0.0,2.0,0.0,75.68
2014-12-13,2014,12,Dec,4,50,Daily,1.0,3.34,2.4,25.1,11.0,1.0,7.0,0.0,50.84
2014-12-14,2014,12,Dec,4,50,Daily,10.0,2.34,4.4,40.0,10.0,0.0,6.0,1.0,73.74000000000001
2014-12-15,2014,12,Dec,4,51,Daily,5.34,4.02,7.64,42.2,14.0,1.0,9.0,1.0,84.2
2014-12-16,2014,12,Dec,4,51,Daily,6.34,1.34,6.2,23.0,23.0,3.0,4.0,1.0,67.88
2014-12-17,2014,12,Dec,4,51,Daily,3.0,3.67,3.5,28.0,17.0,2.0,8.0,0.0,65.17
2014-12-18,2014,12,Dec,4,51,Daily,5.0,3.67,3.0,26.6,9.0,0.0,0.0,0.0,47.27
2014-12-19,2014,12,Dec,4,51,Daily,0.0,0.0,0.0,0.0,0.0,0.0,0.0,0.0,0.0
2014-12-20,2014,12,Dec,4,51,Daily,1.0,3.66,2.0,31.3,9.0,0.0,0.0,3.0,49.96
2014-12-21,2014,12,Dec,4,51,Daily,4.33,4.33,2.0,52.5,6.0,0.0,10.0,1.0,80.16
2014-12-22,2014,12,Dec,4,52,Daily,3.34,4.68,2.284,19.6,43.0,1.0,13.0,4.0,90.904
2014-12-23,2014,12,Dec,4,52,Daily,10.5,3.0,4.6,40.4,13.0,2.0,15.0,0.0,88.5
2014-12-24,2014,12,Dec,4,52,Daily,1.0,3.0,1.0,41.6,16.0,0.0,2.0,2.0,66.6
2014-12-25,2014,12,Dec,4,52,Daily,8.34,2.0,9.5,31.0,16.0,0.0,2.0,2.0,70.84
2014-12-26,2014,12,Dec,4,52,Daily,3.33,4.01,3.0,30.7,25.0,1.0,0.0,0.0,67.03999999999999
2014-12-27,2014,12,Dec,4,52,Daily,7.33,5.34,4.4,39.0,26.0,0.0,9.0,3.0,94.07
2014-12-28,2014,12,Dec,4,52,Daily,2.34,10.76,3.0,80.4,15.0,0.0,13.0,1.0,125.5
2014-12-29,2014,12,Dec,4,1,Daily,2.33,3.66,4.0,40.0,5.0,1.0,2.0,0.0,57.99
2014-12-30,2014,12,Dec,4,1,Daily,9.0,5.63,3.8,51.0,18.0,0.0,5.0,2.0,94.43
2014-12-31,2014,12,Dec,4,1,Daily,5.67,6.33,2.5,41.08,14.0,3.0,10.0,1.0,83.58
2015-01-01,2015,1,Jan,1,1,Daily,0.0,0.0,0.0,0.0,0.0,0.0,0.0,0.0,0.0
2015-01-02,2015,1,Jan,1,1,Daily,6.0,5.33,4.9,50.8,13.0,0.0,6.25,2.0,88.28
2015-01-03,2015,1,Jan,1,1,Daily,9.0,4.67,6.0,57.24,11.0,3.0,0.0,4.0,94.91
2015-01-04,2015,1,Jan,1,1,Daily,4.68,8.92,3.5,60.1,4.0,0.0,2.0,1.0,84.2
2015-01-05,2015,1,Jan,1,2,Daily,2.34,3.32,1.0,33.6,14.0,0.0,16.0,3.0,73.26
2015-01-06,2015,1,Jan,1,2,Daily,3.0,9.37,7.3,42.0,13.0,0.0,3.0,0.0,77.67
2015-01-07,2015,1,Jan,1,2,Daily,0.0,0.0,0.0,0.0,0.0,0.0,0.0,0.0,0.0
2015-01-08,2015,1,Jan,1,2,Daily,2.0,7.077,1.2,46.4,13.0,1.0,1.0,2.0,73.67699999999999
2015-01-09,2015,1,Jan,1,2,Daily,3.0,4.34,9.4,36.2,33.0,2.0,7.0,2.0,96.94
2015-01-10,2015,1,Jan,1,2,Daily,6.0,5.864,7.0,32.6,14.0,3.0,1.0,1.0,70.464
2015-01-11,2015,1,Jan,1,2,Daily,3.0,7.34,7.0,43.6,11.0,1.0,11.0,2.0,85.94
2015-01-12,2015,1,Jan,1,3,Daily,2.33,3.34,7.5,36.6,18.0,0.0,6.0,1.0,74.77000000000001
2015-01-13,2015,1,Jan,1,3,Daily,10.34,4.66,10.0,34.0,14.0,2.0,4.0,2.0,81.0
2015-01-14,2015,1,Jan,1,3,Daily,3.0,3.34,5.0,23.0,20.0,0.0,1.0,0.0,55.34
2015-01-15,2015,1,Jan,1,3,Daily,6.67,3.0,1.0,55.25,13.0,0.0,15.0,2.0,95.92
2015-01-16,2015,1,Jan,1,3,Daily,6.33,5.99,3.8,43.0,16.0,2.0,6.0,2.0,85.12
2015-01-17,2015,1,Jan,1,3,Daily,6.68,5.68,7.0,19.2,18.0,0.0,0.0,0.0,56.56
2015-01-18,2015,1,Jan,1,3,Daily,4.0,4.34,4.5,20.4,16.0,0.0,0.0,2.0,51.239999999999995
2015-01-19,2015,1,Jan,1,4,Daily,5.34,2.68,1.1,32.0,12.0,0.0,20.0,2.0,75.12
2015-01-20,2015,1,Jan,1,4,Daily,4.34,0.33,6.0,38.0,24.0,1.0,4.0,1.0,78.67
2015-01-21,2015,1,Jan,1,4,Daily,4.0,1.0,2.0,37.45,17.0,1.0,0.0,1.0,63.45
2015-01-22,2015,1,Jan,1,4,Daily,4.0,1.34,4.0,21.4,19.0,0.0,0.0,1.0,50.739999999999995
2015-01-23,2015,1,Jan,1,4,Daily,3.67,4.728,8.0,30.0,14.0,0.0,7.0,2.0,69.398
2015-01-24,2015,1,Jan,1,4,Daily,4.34,3.33,9.2,49.7,31.0,0.0,22.0,1.0,120.57
2015-01-25,2015,1,Jan,1,4,Daily,4.0,1.13,1.9,38.0,11.0,1.0,5.0,0.0,62.03
2015-01-26,2015,1,Jan,1,5,Daily,8.5,4.67,4.0,34.4,15.0,0.0,13.0,0.0,79.57
2015-01-27,2015,1,Jan,1,5,Daily,2.67,6.33,1.0,20.0,14.0,0.0,0.0,0.0,44.0
2015-01-28,2015,1,Jan,1,5,Daily,3.0,5.34,3.0,32.0,18.0,3.0,5.0,3.0,72.34
2015-01-29,2015,1,Jan,1,5,Daily,4.34,5.71,8.7,24.4,16.0,3.0,11.0,3.0,76.15
2015-01-30,2015,1,Jan,1,5,Daily,1.0,1.068,1.0,20.5,19.0,1.0,0.0,0.0,43.568
2015-01-31,2015,1,Jan,1,5,Daily,8.34,6.112,5.0,32.4,12.0,0.0,11.0,2.0,76.852
2015-02-01,2015,2,Feb,1,5,Daily,4.34,7.35,7.0,35.6,7.0,1.0,0.0,1.0,63.29
2015-02-02,2015,2,Feb,1,6,Daily,6.0,4.0,5.1,20.9,14.0,0.0,3.0,2.0,55.0
2015-02-03,2015,2,Feb,1,6,Daily,3.33,3.0,6.2,24.2,18.0,0.0,6.0,5.0,65.73
2015-02-04,2015,2,Feb,1,6,Daily,2.34,2.67,2.4,38.8,6.0,0.0,12.0,0.0,64.21
2015-02-05,2015,2,Feb,1,6,Daily,2.0,5.57,3.0,24.85,12.0,0.0,2.0,1.0,50.42
2015-02-06,2015,2,Feb,1,6,Daily,3.33,3.33,7.3,23.0,7.0,1.0,13.0,1.0,58.96
2015-02-07,2015,2,Feb,1,6,Daily,2.0,5.0,1.9,33.6,9.0,0.0,0.0,2.0,53.5
2015-02-08,2015,2,Feb,1,6,Daily,1.34,7.759,5.7,29.9,8.0,0.0,0.0,0.0,52.699
2015-02-09,2015,2,Feb,1,7,Daily,3.33,3.54,9.6,20.7,8.0,1.0,0.0,1.0,47.17
2015-02-10,2015,2,Feb,1,7,Daily,3.66,8.67,7.0,33.0,11.0,0.0,6.0,3.0,72.33
2015-02-11,2015,2,Feb,1,7,Daily,3.0,5.14,3.6,48.5,16.0,0.0,20.0,2.0,98.24000000000001
2015-02-12,2015,2,Feb,1,7,Daily,3.0,4.0,6.0,23.82,11.0,1.0,5.0,0.0,53.82
2015-02-13,2015,2,Feb,1,7,Daily,6.01,4.23,7.0,29.6,11.0,1.0,22.0,1.0,81.84
2015-02-14,2015,2,Feb,1,7,Daily,4.33,1.736,6.7,29.2,13.0,1.0,5.0,4.0,64.96600000000001
2015-02-15,2015,2,Feb,1,7,Daily,11.68,2.33,4.3,38.0,7.0,0.0,7.0,2.0,72.31
2015-02-16,2015,2,Feb,1,8,Daily,3.01,3.75,4.0,40.1,4.0,0.0,10.0,0.0,64.86
2015-02-17,2015,2,Feb,1,8,Daily,5.33,8.693,4.0,36.2,3.0,0.0,6.0,1.0,64.223
2015-02-18,2015,2,Feb,1,8,Daily,1.0,2.66,1.33,36.212,4.0,0.0,11.0,0.0,56.202000000000005
2015-02-19,2015,2,Feb,1,8,Daily,2.0,3.332,4.0,36.7,2.0,2.0,6.0,3.0,59.032000000000004
2015-02-20,2015,2,Feb,1,8,Daily,5.33,4.66,0.5,27.0,5.0,0.0,25.0,6.0,73.49000000000001
2015-02-21,2015,2,Feb,1,8,Daily,3.0,5.347,4.8,57.0,9.0,0.0,0.0,3.0,82.147
2015-02-22,2015,2,Feb,1,8,Daily,2.0,4.34,2.0,50.6,7.0,0.0,11.0,1.0,77.94
2015-02-23,2015,2,Feb,1,9,Daily,5.0,3.16,7.5,55.4,9.0,0.0,20.0,0.0,100.06
2015-02-24,2015,2,Feb,1,9,Daily,3.68,3.34,6.2,22.07,11.0,0.0,11.0,2.0,59.29
2015-02-25,2015,2,Feb,1,9,Daily,7.0,6.33,6.1,24.0,8.0,0.0,2.0,2.0,55.43
2015-02-26,2015,2,Feb,1,9,Daily,6.0,2.0,2.0,36.7,13.0,0.0,1.0,1.0,61.7
2015-02-27,2015,2,Feb,1,9,Daily,6.33,4.473,5.0,51.0,1.0,1.0,0.0,0.0,68.803
2015-02-28,2015,2,Feb,1,9,Daily,6.34,3.33,1.6,26.6,9.0,0.0,4.0,3.0,53.870000000000005
2015-03-01,2015,3,Mar,1,9,Daily,9.0,7.893,2.7,25.9,3.0,4.0,0.0,4.0,56.492999999999995
2015-03-02,2015,3,Mar,1,10,Daily,6.67,4.68,3.5,40.7,6.0,1.0,2.0,3.0,67.55000000000001
2015-03-03,2015,3,Mar,1,10,Daily,8.0,6.03,4.5,45.6,14.0,0.0,1.0,4.0,83.13
2015-03-04,2015,3,Mar,1,10,Daily,9.68,5.67,3.3,46.85,4.0,0.0,11.0,1.0,81.5
2015-03-05,2015,3,Mar,1,10,Daily,6.0,2.33,3.0,35.0,2.0,0.0,0.0,0.0,48.33
2015-03-06,2015,3,Mar,1,10,Daily,2.0,2.67,6.0,19.8,4.0,0.0,1.0,1.0,36.47
2015-03-07,2015,3,Mar,1,10,Daily,3.33,1.0,1.0,2.0,0.0,0.0,0.0,0.0,7.33
2015-03-08,2015,3,Mar,1,10,Daily,6.0,3.397,2.4,55.4,9.0,0.0,2.0,1.0,79.197
2015-03-09,2015,3,Mar,1,11,Daily,2.0,3.0,5.0,32.7,10.0,0.0,1.0,1.0,54.7
2015-03-10,2015,3,Mar,1,11,Daily,1.34,3.66,5.0,40.4,6.0,0.0,6.0,3.0,65.4
2015-03-11,2015,3,Mar,1,11,Daily,11.0,5.0,3.2,32.0,9.0,0.0,4.0,0.0,64.2
2015-03-12,2015,3,Mar,1,11,Daily,2.68,6.387,6.1,19.0,5.0,0.0,2.0,3.0,44.167
2015-03-13,2015,3,Mar,1,11,Daily,4.0,3.33,6.7,63.4,11.0,2.0,1.0,0.0,91.43
2015-03-14,2015,3,Mar,1,11,Daily,2.66,4.33,4.0,39.1,9.0,0.0,9.0,3.0,71.09
2015-03-15,2015,3,Mar,1,11,Daily,3.34,4.16,3.0,41.0,3.0,0.0,12.0,3.0,69.5
2015-03-16,2015,3,Mar,1,12,Daily,8.0,3.01,4.9,46.8,8.0,0.0,0.0,1.0,71.71
2015-03-17,2015,3,Mar,1,12,Daily,5.0,3.0,4.6,28.8,9.0,1.0,2.0,0.0,53.4
2015-03-18,2015,3,Mar,1,12,Daily,7.33,2.0,5.3,24.4,5.0,0.0,20.0,2.0,66.03
2015-03-19,2015,3,Mar,1,12,Daily,2.0,2.33,1.5,31.0,7.0,0.0,15.0,0.0,58.83
2015-03-20,2015,3,Mar,1,12,Daily,1.0,7.0,3.0,38.6,13.0,1.0,5.0,1.0,69.6
2015-03-21,2015,3,Mar,1,12,Daily,10.33,3.34,3.0,41.6,4.0,0.0,6.0,2.0,70.27000000000001
2015-03-22,2015,3,Mar,1,12,Daily,8.34,6.67,2.0,43.2,9.0,0.0,10.0,0.0,79.21000000000001
2015-03-23,2015,3,Mar,1,13,Daily,2.0,4.34,7.0,28.0,5.0,0.0,0.0,2.0,48.34
2015-03-24,2015,3,Mar,1,13,Daily,4.0,5.472,5.2,22.4,8.0,2.0,9.0,4.0,60.072
2015-03-25,2015,3,Mar,1,13,Daily,3.68,8.66,6.4,17.6,10.0,2.0,13.0,1.0,62.34
2015-03-26,2015,3,Mar,1,13,Daily,5.0,1.747,3.0,51.4,10.0,0.0,6.0,5.0,82.14699999999999
2015-03-27,2015,3,Mar,1,13,Daily,3.0,2.67,2.0,27.0,3.0,0.0,22.0,1.0,60.67
2015-03-28,2015,3,Mar,1,13,Daily,1.33,3.056,3.0,50.5,6.0,0.0,0.0,2.0,65.886
2015-03-29,2015,3,Mar,1,13,Daily,6.0,5.727,2.3,35.5,7.0,0.0,8.0,2.0,66.527
2015-03-30,2015,3,Mar,1,14,Daily,6.33,4.827,10.0,25.7,4.0,0.0,0.0,0.0,50.857
2015-03-31,2015,3,Mar,1,14,Daily,5.0,2.0,11.2,33.5,5.0,0.0,2.0,4.0,62.7
2015-04-01,2015,4,Apr,2,14,Daily,6.34,1.33,1.0,24.8,7.0,2.0,5.0,1.0,48.47
2015-04-02,2015,4,Apr,2,14,Daily,5.0,3.99,5.4,35.07,3.0,0.0,3.0,5.0,60.46
2015-04-03,2015,4,Apr,2,14,Daily,5.33,2.32,4.0,34.2,12.0,0.0,0.0,4.0,61.85
2015-04-04,2015,4,Apr,2,14,Daily,3.67,4.33,6.0,43.0,7.0,1.0,5.0,6.0,76.0
2015-04-05,2015,4,Apr,2,14,Daily,3.34,5.01,4.5,31.6,4.0,0.0,0.0,1.0,49.45
2015-04-06,2015,4,Apr,2,15,Daily,7.33,3.33,5.3,32.9,4.0,0.0,3.0,2.0,57.86
2015-04-07,2015,4,Apr,2,15,Daily,6.0,3.66,6.7,25.0,8.0,0.0,8.0,1.0,58.36
2015-04-08,2015,4,Apr,2,15,Daily,4.0,2.33,3.0,18.0,11.0,0.0,10.0,4.0,52.33
2015-04-09,2015,4,Apr,2,15,Daily,1.33,6.0,8.0,22.2,8.0,0.0,6.0,1.0,52.53
2015-04-10,2015,4,Apr,2,15,Daily,9.84,6.505,4.0,65.6,5.0,2.0,8.0,5.0,105.945
2015-04-11,2015,4,Apr,2,15,Daily,11.68,3.0,3.4,26.0,9.0,0.0,5.0,6.0,64.08
2015-04-12,2015,4,Apr,2,15,Daily,0.0,0.0,0.0,0.0,0.0,0.0,0.0,0.0,0.0
2015-04-13,2015,4,Apr,2,16,Daily,6.67,1.34,7.0,25.2,5.0,0.0,3.0,7.0,55.21
2015-04-14,2015,4,Apr,2,16,Daily,4.66,6.01,7.0,41.8,5.0,0.0,5.0,2.0,71.47
2015-04-15,2015,4,Apr,2,16,Daily,2.0,2.33,3.0,29.25,15.0,0.0,0.0,2.0,53.58
2015-04-16,2015,4,Apr,2,16,Daily,2.34,1.0,7.2,30.6,7.0,0.0,9.0,4.0,61.14
2015-04-17,2015,4,Apr,2,16,Daily,9.33,3.66,3.0,29.65,6.0,0.0,1.0,5.0,57.64
2015-04-18,2015,4,Apr,2,16,Daily,7.33,3.0,1.0,31.3,1.0,0.0,1.0,4.0,48.63
2015-04-19,2015,4,Apr,2,16,Daily,9.32,5.528,3.8,36.5,3.0,0.0,0.0,2.0,60.147999999999996
2015-04-20,2015,4,Apr,2,17,Daily,3.0,5.043,3.7,38.0,13.0,0.0,1.0,3.0,66.743
2015-04-21,2015,4,Apr,2,17,Daily,6.33,1.0,2.0,35.2,9.0,0.0,0.0,6.0,59.53
2015-04-22,2015,4,Apr,2,17,Daily,1.33,4.627,3.2,32.0,3.0,0.0,1.0,2.0,47.157
2015-04-23,2015,4,Apr,2,17,Daily,4.0,1.0,1.0,28.2,8.0,0.0,1.0,4.0,47.2
2015-04-24,2015,4,Apr,2,17,Daily,10.0,1.0,4.0,30.0,5.0,0.0,1.0,5.0,56.0
2015-04-25,2015,4,Apr,2,17,Daily,5.0,3.165,8.0,38.1,3.0,0.0,1.0,3.0,61.265
2015-04-26,2015,4,Apr,2,17,Daily,7.0,6.0,3.0,37.6,5.0,0.0,1.0,1.0,60.6
2015-04-27,2015,4,Apr,2,18,Daily,3.0,0.78,4.0,43.0,10.0,0.0,0.0,10.0,70.78
2015-04-28,2015,4,Apr,2,18,Daily,4.33,4.67,3.1,15.2,7.0,0.0,5.0,6.0,45.3
2015-04-29,2015,4,Apr,2,18,Daily,2.0,0.43,4.2,27.6,2.0,0.0,11.0,3.0,50.230000000000004
2015-04-30,2015,4,Apr,2,18,Daily,3.0,8.727,2.6,32.6,7.0,0.0,3.0,7.0,63.927
2015-05-01,2015,5,May,2,18,Daily,5.34,1.68,4.94,11.4,4.0,0.0,0.0,4.7,32.06
2015-05-02,2015,5,May,2,18,Daily,5.0,3.66,3.0,47.8,6.0,2.0,0.0,5.0,72.46
2015-05-03,2015,5,May,2,18,Daily,6.67,1.066,2.1,19.2,4.0,0.0,1.0,6.0,40.036
2015-05-04,2015,5,May,2,19,Daily,4.0,4.723,8.6,36.0,5.0,1.0,10.0,3.3,72.623
2015-05-05,2015,5,May,2,19,Daily,3.34,3.462,2.0,19.0,6.0,0.0,5.0,2.5,41.302
2015-05-06,2015,5,May,2,19,Daily,4.66,6.497,2.0,40.2,11.0,0.0,0.0,6.0,70.357
2015-05-07,2015,5,May,2,19,Daily,2.0,3.34,2.0,21.0,4.0,1.0,5.0,10.0,48.34
2015-05-08,2015,5,May,2,19,Daily,1.0,6.34,5.0,16.0,8.0,0.0,4.0,1.0,41.34
2015-05-09,2015,5,May,2,19,Daily,3.66,4.34,7.4,21.0,11.0,1.0,1.0,6.0,55.4
2015-05-10,2015,5,May,2,19,Daily,3.34,5.427,3.8,13.0,3.0,0.0,1.0,10.0,39.567
2015-05-11,2015,5,May,2,20,Daily,3.33,6.66,5.9,21.0,3.0,0.0,6.0,4.0,49.89
2015-05-12,2015,5,May,2,20,Daily,7.33,1.99,8.2,22.95,13.0,0.0,0.0,8.0,61.47
2015-05-13,2015,5,May,2,20,Daily,8.0,3.44,9.0,28.4,5.0,0.0,2.0,4.5,60.339999999999996
2015-05-14,2015,5,May,2,20,Daily,3.0,5.067,3.0,14.0,1.0,0.0,0.0,5.0,31.067
2015-05-15,2015,5,May,2,20,Daily,3.34,6.53,4.3,48.4,8.0,0.0,4.0,3.2,77.77
2015-05-16,2015,5,May,2,20,Daily,5.0,4.066,4.1,40.4,4.0,0.0,0.0,4.0,61.565999999999995
2015-05-17,2015,5,May,2,20,Daily,5.0,3.33,5.0,23.2,0.0,0.0,0.0,8.0,44.53
2015-05-18,2015,5,May,2,21,Daily,7.0,2.713,5.2,21.4,6.0,1.0,2.0,2.2,47.513000000000005
2015-05-19,2015,5,May,2,21,Daily,3.0,1.66,3.0,20.0,8.0,0.0,0.0,3.0,38.66
2015-05-20,2015,5,May,2,21,Daily,5.67,6.465,2.0,17.0,12.0,1.0,5.0,6.0,55.135
2015-05-21,2015,5,May,2,21,Daily,6.0,1.957,3.0,10.0,5.0,0.0,1.0,3.3,30.257
2015-05-22,2015,5,May,2,21,Daily,3.0,0.198,2.0,15.0,8.0,0.0,0.0,7.0,35.198
2015-05-23,2015,5,May,2,21,Daily,5.68,2.69,5.0,23.45,10.0,0.0,2.0,7.0,55.82
2015-05-24,2015,5,May,2,21,Daily,5.33,7.769,3.0,20.0,5.0,0.0,0.0,1.3,42.399
2015-05-25,2015,5,May,2,22,Daily,9.66,3.33,4.0,30.0,11.0,3.0,0.0,3.0,63.99
2015-05-26,2015,5,May,2,22,Daily,7.34,3.34,4.5,27.0,11.0,0.0,22.0,10.0,85.18
2015-05-27,2015,5,May,2,22,Daily,4.0,2.66,2.0,24.2,7.0,0.0,0.0,1.0,40.86
2015-05-28,2015,5,May,2,22,Daily,6.0,2.33,6.7,17.1,3.0,0.0,20.0,3.0,58.13
2015-05-29,2015,5,May,2,22,Daily,6.33,5.01,3.0,41.8,6.0,0.0,5.0,3.0,70.14
2015-05-30,2015,5,May,2,22,Daily,14.0,2.68,6.0,24.5,4.0,0.0,4.0,8.0,63.18
2015-05-31,2015,5,May,2,22,Daily,3.0,4.697,6.3,31.5,2.0,0.0,0.0,10.5,57.997
2015-06-01,2015,6,Jun,2,23,Daily,4.66,5.0,2.5,23.55,12.0,0.0,2.0,3.0,52.71
2015-06-02,2015,6,Jun,2,23,Daily,8.33,8.0,7.9,24.0,10.0,4.0,3.0,6.0,71.22999999999999
2015-06-03,2015,6,Jun,2,23,Daily,5.0,1.66,5.3,30.0,9.0,0.0,6.0,2.0,58.96
2015-06-04,2015,6,Jun,2,23,Daily,2.33,4.0,3.0,20.0,5.0,0.0,2.0,2.0,38.33
2015-06-05,2015,6,Jun,2,23,Daily,5.0,0.67,5.0,13.0,6.0,0.0,1.0,7.0,37.67
2015-06-06,2015,6,Jun,2,23,Daily,3.68,3.68,2.0,16.0,6.0,0.0,17.0,2.0,50.36
2015-06-07,2015,6,Jun,2,23,Daily,6.34,5.01,2.0,17.0,6.0,1.0,22.0,6.0,65.35
2015-06-08,2015,6,Jun,2,24,Daily,6.0,5.66,2.5,31.0,10.0,1.0,3.0,7.0,66.16
2015-06-09,2015,6,Jun,2,24,Daily,3.0,4.0,4.0,26.6,14.0,0.0,0.0,4.6,56.2
2015-06-10,2015,6,Jun,2,24,Daily,4.34,3.01,8.0,18.676,6.0,0.0,7.0,2.0,49.025999999999996
2015-06-11,2015,6,Jun,2,24,Daily,6.0,2.33,5.1,38.3,11.0,0.0,1.0,3.0,66.72999999999999
2015-06-12,2015,6,Jun,2,24,Daily,1.67,1.66,2.0,17.5,2.0,2.0,0.0,5.0,31.83
2015-06-13,2015,6,Jun,2,24,Daily,2.33,4.66,7.3,21.4,6.0,0.0,12.0,4.0,57.69
2015-06-14,2015,6,Jun,2,24,Daily,5.0,3.67,1.6,14.0,6.0,0.0,3.0,2.0,35.269999999999996
2015-06-15,2015,6,Jun,2,25,Daily,4.0,3.36,5.0,37.0,9.0,0.0,6.0,9.0,73.36
2015-06-16,2015,6,Jun,2,25,Daily,7.0,3.34,4.0,20.0,6.0,0.0,8.0,5.0,53.34
2015-06-17,2015,6,Jun,2,25,Daily,3.66,3.32,8.66,24.0,10.0,1.0,20.0,2.0,72.64
2015-06-18,2015,6,Jun,2,25,Daily,3.0,5.33,7.0,24.6,4.0,0.0,23.0,3.6,70.53
2015-06-19,2015,6,Jun,2,25,Daily,5.33,4.01,3.1,24.0,13.0,2.0,10.0,6.3,67.74
2015-06-20,2015,6,Jun,2,25,Daily,9.34,3.0,3.0,26.8,5.0,0.0,10.0,7.0,64.14
2015-06-21,2015,6,Jun,2,25,Daily,9.34,0.68,5.0,18.0,5.0,0.0,6.0,2.0,46.019999999999996
2015-06-22,2015,6,Jun,2,26,Daily,5.17,6.99,9.6,29.062,0.0,0.0,1.0,5.0,56.822
2015-06-23,2015,6,Jun,2,26,Daily,4.67,5.67,3.5,19.0,7.0,0.0,5.0,5.0,49.84
2015-06-24,2015,6,Jun,2,26,Daily,3.83,4.0,7.0,23.8,5.0,1.0,4.0,3.0,51.63
2015-06-25,2015,6,Jun,2,26,Daily,6.33,4.34,6.0,24.125,4.0,0.0,0.0,3.0,47.795
2015-06-26,2015,6,Jun,2,26,Daily,7.17,0.33,2.0,29.0,3.0,0.0,1.0,4.0,46.5
2015-06-27,2015,6,Jun,2,26,Daily,7.33,3.33,6.0,36.0,10.0,0.0,1.0,2.0,65.66
2015-06-28,2015,6,Jun,2,26,Daily,5.34,4.65,7.4,12.0,0.0,0.0,6.0,6.0,41.39
2015-06-29,2015,6,Jun,2,27,Daily,5.68,3.66,4.0,22.0,15.0,0.0,11.0,3.0,64.34
2015-06-30,2015,6,Jun,2,27,Daily,1.0,4.67,6.0,35.0,12.0,0.0,2.0,4.3,64.97
2015-07-01,2015,7,Jul,3,27,Daily,8.83,5.68,5.4,18.25,14.0,1.0,12.0,10.0,75.16
2015-07-02,2015,7,Jul,3,27,Daily,3.0,2.0,1.0,23.15,3.0,0.0,1.0,2.0,35.15
2015-07-03,2015,7,Jul,3,27,Daily,5.5,4.33,3.5,24.5,10.0,0.0,8.0,4.0,59.83
2015-07-04,2015,7,Jul,3,27,Daily,7.35,2.34,4.2,15.2,2.0,0.0,0.0,3.0,34.09
2015-07-05,2015,7,Jul,3,27,Daily,5.0,4.34,4.2,14.0,10.0,0.0,1.0,4.0,42.54
2015-07-06,2015,7,Jul,3,28,Daily,5.5,4.68,2.0,20.0,8.0,0.0,3.0,3.0,46.18
2015-07-07,2015,7,Jul,3,28,Daily,4.84,4.68,2.3,19.6,5.0,0.0,3.0,7.0,46.42
2015-07-08,2015,7,Jul,3,28,Daily,2.0,1.35,3.0,18.6,6.0,0.0,5.0,3.0,38.95
2015-07-09,2015,7,Jul,3,28,Daily,2.34,1.67,2.0,32.75,4.0,0.0,0.0,5.0,47.76
2015-07-10,2015,7,Jul,3,28,Daily,5.5,6.34,5.0,37.0,15.0,0.0,8.0,6.0,82.84
2015-07-11,2015,7,Jul,3,28,Daily,4.0,2.33,4.9,45.0,9.0,0.0,2.0,10.0,77.23
2015-07-12,2015,7,Jul,3,28,Daily,6.33,5.33,5.0,25.3,5.0,0.0,0.0,6.5,53.46
2015-07-13,2015,7,Jul,3,29,Daily,3.68,0.66,8.0,22.55,5.0,0.0,0.0,3.0,42.89
2015-07-14,2015,7,Jul,3,29,Daily,0.34,4.33,5.0,14.0,1.0,0.0,2.0,2.0,28.67
2015-07-15,2015,7,Jul,3,29,Daily,8.49,1.66,4.0,20.2,5.0,0.0,1.0,9.0,49.35
2015-07-16,2015,7,Jul,3,29,Daily,8.34,3.33,1.0,18.0,3.0,0.0,2.0,4.0,39.67
2015-07-17,2015,7,Jul,3,29,Daily,2.5,1.33,1.0,28.0,3.0,0.0,0.0,2.3,38.129999999999995
2015-07-18,2015,7,Jul,3,29,Daily,3.68,7.38,2.0,25.0,8.0,3.0,1.0,3.0,53.06
2015-07-19,2015,7,Jul,3,29,Daily,11.68,1.68,2.0,15.0,1.0,0.0,1.0,3.0,35.36
2015-07-20,2015,7,Jul,3,30,Daily,5.84,4.67,5.0,41.0,4.0,0.0,0.0,2.0,62.51
2015-07-21,2015,7,Jul,3,30,Daily,4.68,1.0,3.2,14.25,7.0,0.0,1.0,4.0,35.129999999999995
2015-07-22,2015,7,Jul,3,30,Daily,9.33,0.34,5.0,22.0,10.0,0.0,5.0,3.0,54.67
2015-07-23,2015,7,Jul,3,30,Daily,1.5,4.0,3.0,14.0,3.0,0.0,0.0,2.0,27.5
2015-07-24,2015,7,Jul,3,30,Daily,6.0,6.34,3.6,29.6,9.0,1.0,1.0,10.0,66.53999999999999
2015-07-25,2015,7,Jul,3,30,Daily,4.0,4.0,5.0,22.0,7.0,1.0,0.0,4.0,47.0
2015-07-26,2015,7,Jul,3,30,Daily,5.0,2.99,3.0,29.0,4.0,0.0,0.0,0.0,43.99
2015-07-27,2015,7,Jul,3,31,Daily,7.34,3.34,7.0,24.0,9.0,0.0,0.0,1.5,52.18
2015-07-28,2015,7,Jul,3,31,Daily,14.18,6.02,1.0,15.2,14.0,0.0,1.0,3.0,54.4
2015-07-29,2015,7,Jul,3,31,Daily,10.34,3.34,4.0,21.378,8.0,0.0,2.0,1.0,50.058
2015-07-30,2015,7,Jul,3,31,Daily,3.0,3.33,14.0,16.3,3.0,0.0,0.0,4.0,43.629999999999995
2015-07-31,2015,7,Jul,3,31,Daily,5.5,9.0,6.2,24.0,8.0,0.0,0.0,6.0,58.7
2015-08-01,2015,8,Aug,3,31,Daily,5.0,5.0,4.0,19.0,14.0,0.0,0.0,2.0,49.0
2015-08-02,2015,8,Aug,3,31,Daily,5.0,6.7,4.0,15.0,9.0,0.0,0.0,2.0,41.7
2015-08-03,2015,8,Aug,3,32,Daily,1.5,2.33,1.5,23.0,3.5,1.0,5.0,1.0,38.83
2015-08-04,2015,8,Aug,3,32,Daily,6.34,2.33,3.0,23.0,5.0,1.0,0.0,4.0,44.67
2015-08-05,2015,8,Aug,3,32,Daily,5.0,3.33,4.2,22.2,3.5,0.0,0.0,1.0,39.230000000000004
2015-08-06,2015,8,Aug,3,32,Daily,5.33,1.67,8.0,35.0,11.0,0.0,3.0,2.0,66.0
2015-08-07,2015,8,Aug,3,32,Daily,4.33,4.0,6.0,22.0,9.0,2.0,1.0,6.0,54.33
2015-08-08,2015,8,Aug,3,32,Daily,6.33,5.33,7.0,22.0,5.0,0.0,0.0,0.7,46.36
2015-08-09,2015,8,Aug,3,32,Daily,5.0,3.66,2.0,21.0,5.0,0.0,2.0,3.0,41.66
2015-08-10,2015,8,Aug,3,33,Daily,3.67,5.68,4.2,29.0,12.5,0.0,1.0,5.0,61.05
2015-08-11,2015,8,Aug,3,33,Daily,12.33,6.66,7.4,18.1,10.0,0.0,0.0,4.0,58.49
2015-08-12,2015,8,Aug,3,33,Daily,8.67,7.693,4.0,28.2,9.5,0.0,1.0,1.0,60.063
2015-08-13,2015,8,Aug,3,33,Daily,8.0,2.0,6.0,23.438,9.0,0.0,3.0,3.0,54.438
2015-08-14,2015,8,Aug,3,33,Daily,3.0,4.66,4.0,16.7,5.0,0.0,1.0,4.0,38.36
2015-08-15,2015,8,Aug,3,33,Daily,3.34,6.34,6.0,35.0,14.0,1.0,1.0,1.0,67.68
2015-08-16,2015,8,Aug,3,33,Daily,2.0,4.67,2.0,19.25,4.0,2.0,0.0,2.0,35.92
2015-08-17,2015,8,Aug,3,34,Daily,8.0,3.0,3.0,33.0,6.0,0.0,0.0,2.0,55.0
2015-08-18,2015,8,Aug,3,34,Daily,6.01,2.67,3.0,24.0,16.0,0.0,3.0,1.0,55.68
2015-08-19,2015,8,Aug,3,34,Daily,6.33,2.66,8.0,28.0,15.0,0.0,3.0,3.0,65.99000000000001
2015-08-20,2015,8,Aug,3,34,Daily,3.5,3.68,5.0,19.0,6.0,1.0,0.0,0.0,38.18
2015-08-21,2015,8,Aug,3,34,Daily,6.0,0.67,3.0,34.0,8.0,1.0,1.0,4.0,57.67
2015-08-22,2015,8,Aug,3,34,Daily,2.34,6.736,4.0,28.0,6.0,3.0,1.0,6.0,57.076
2015-08-23,2015,8,Aug,3,34,Daily,8.99,5.33,3.0,28.0,8.0,0.0,2.0,2.0,57.32
2015-08-24,2015,8,Aug,3,35,Daily,8.5,3.66,3.4,45.1,8.0,0.0,0.0,1.0,69.66
2015-08-25,2015,8,Aug,3,35,Daily,2.34,2.67,4.0,23.5,20.0,0.0,1.0,3.0,56.51
2015-08-26,2015,8,Aug,3,35,Daily,2.67,4.02,7.3,27.0,7.0,0.0,1.0,6.0,54.989999999999995
2015-08-27,2015,8,Aug,3,35,Daily,9.33,3.0,4.5,32.0,8.0,0.0,0.0,3.0,59.83
2015-08-28,2015,8,Aug,3,35,Daily,7.0,8.67,1.0,15.1,12.0,0.0,0.0,3.0,46.77
2015-08-29,2015,8,Aug,3,35,Daily,10.84,10.34,4.0,23.2,4.0,3.0,3.0,2.0,60.379999999999995
2015-08-30,2015,8,Aug,3,35,Daily,11.0,6.02,3.5,21.0,3.0,0.0,6.0,4.0,54.519999999999996
2015-08-31,2015,8,Aug,3,36,Daily,4.0,9.34,3.4,38.0,9.5,0.0,6.0,2.0,72.24
2015-09-01,2015,9,Sep,3,36,Daily,8.18,2.84,4.4,28.25,8.0,0.0,0.0,3.0,54.67
2015-09-02,2015,9,Sep,3,36,Daily,5.33,7.0,3.0,31.3,9.5,0.0,5.0,5.0,66.13
2015-09-03,2015,9,Sep,3,36,Daily,1.34,3.68,2.2,19.0,13.0,0.0,4.0,2.0,45.22
2015-09-04,2015,9,Sep,3,36,Daily,3.34,2.68,3.1,20.0,8.0,1.0,1.0,2.0,41.12
2015-09-05,2015,9,Sep,3,36,Daily,8.83,6.01,3.2,20.0,10.5,1.0,6.0,4.0,59.54
2015-09-06,2015,9,Sep,3,36,Daily,8.33,9.67,6.0,23.6,8.0,1.0,0.0,3.0,59.6
2015-09-07,2015,9,Sep,3,37,Daily,4.34,6.124,2.5,32.8,7.0,1.0,5.0,2.0,60.763999999999996
2015-09-08,2015,9,Sep,3,37,Daily,2.67,1.693,5.0,29.2,4.0,0.0,2.0,4.0,48.563
2015-09-09,2015,9,Sep,3,37,Daily,2.0,3.0,1.0,34.7,8.0,0.0,2.0,2.0,52.7
2015-09-10,2015,9,Sep,3,37,Daily,6.0,3.99,4.2,21.2,18.0,0.0,2.0,2.0,57.39
2015-09-11,2015,9,Sep,3,37,Daily,11.33,5.0,9.0,30.0,9.0,0.0,2.0,2.0,68.33
2015-09-12,2015,9,Sep,3,37,Daily,4.66,7.66,5.2,63.3,6.0,3.0,0.0,2.0,91.82
2015-09-13,2015,9,Sep,3,37,Daily,7.33,6.165,7.2,25.0,4.0,0.0,11.0,3.0,63.695
2015-09-14,2015,9,Sep,3,38,Daily,4.68,5.0,1.0,31.3,14.0,0.0,0.0,0.0,55.980000000000004
2015-09-15,2015,9,Sep,3,38,Daily,3.33,5.076,4.2,23.8,7.5,0.0,6.0,5.0,54.906
2015-09-16,2015,9,Sep,3,38,Daily,0.67,4.835,2.2,16.6,6.0,0.0,2.0,1.0,33.305
2015-09-17,2015,9,Sep,3,38,Daily,9.83,6.33,0.0,35.5,3.0,0.0,1.0,2.0,57.66
2015-09-18,2015,9,Sep,3,38,Daily,3.34,1.33,3.0,16.0,4.0,0.0,4.0,3.0,34.67
2015-09-19,2015,9,Sep,3,38,Daily,6.83,0.99,7.0,37.0,7.0,0.0,4.0,5.0,67.82
2015-09-20,2015,9,Sep,3,38,Daily,9.99,3.99,6.5,28.9,15.0,0.0,0.0,2.0,66.38
2015-09-21,2015,9,Sep,3,39,Daily,2.0,10.0,2.0,46.7,6.0,0.0,0.0,2.0,68.7
2015-09-22,2015,9,Sep,3,39,Daily,6.99,1.33,4.0,19.5,10.0,2.0,5.0,5.0,53.82
2015-09-23,2015,9,Sep,3,39,Daily,6.16,4.056,3.3,34.65,7.0,0.0,2.0,1.0,58.166
2015-09-24,2015,9,Sep,3,39,Daily,2.99,4.34,4.2,37.6,7.0,0.0,0.0,0.0,56.13
2015-09-25,2015,9,Sep,3,39,Daily,4.83,4.98,5.2,25.2,11.0,0.0,1.0,3.0,55.21
2015-09-26,2015,9,Sep,3,39,Daily,12.42,3.33,2.5,33.0,6.0,1.0,7.0,2.0,67.25
2015-09-27,2015,9,Sep,3,39,Daily,5.83,3.0,2.3,10.425,3.0,1.0,2.0,1.0,28.555
2015-09-28,2015,9,Sep,3,40,Daily,1.0,1.33,2.0,15.4,8.0,0.0,17.0,2.0,46.730000000000004
2015-09-29,2015,9,Sep,3,40,Daily,6.33,4.363,1.0,39.7,7.0,0.0,0.0,0.0,58.393
2015-09-30,2015,9,Sep,3,40,Daily,5.32,4.33,4.0,22.5,9.0,0.0,0.0,1.0,46.15
2015-10-01,2015,10,Oct,4,40,Daily,9.66,5.99,4.0,34.562,2.0,0.0,5.0,2.0,63.211999999999996
2015-10-02,2015,10,Oct,4,40,Daily,5.0,4.726,4.0,37.3,5.0,0.0,5.0,1.0,62.025999999999996
2015-10-03,2015,10,Oct,4,40,Daily,10.34,5.34,3.0,37.2,7.0,0.0,7.0,2.0,71.88
2015-10-04,2015,10,Oct,4,40,Daily,7.0,4.0,4.0,59.0,3.0,0.0,16.0,2.0,95.0
2015-10-05,2015,10,Oct,4,41,Daily,5.0,2.373,2.2,70.95,11.0,1.0,7.0,5.0,104.523
2015-10-06,2015,10,Oct,4,41,Daily,5.69,3.66,5.5,42.725,9.0,1.0,5.0,4.0,76.575
2015-10-07,2015,10,Oct,4,41,Daily,7.33,2.66,6.0,44.3,8.0,0.0,5.0,2.0,75.28999999999999
2015-10-08,2015,10,Oct,4,41,Daily,8.82,4.33,3.0,30.7,5.0,0.0,20.0,0.0,71.85
2015-10-09,2015,10,Oct,4,41,Daily,2.0,2.769,7.6,28.062,13.0,2.0,10.0,2.0,67.431
2015-10-10,2015,10,Oct,4,41,Daily,6.16,5.66,3.0,46.3,19.5,0.0,1.0,0.0,81.62
2015-10-11,2015,10,Oct,4,41,Daily,10.33,2.792,7.1,70.3,8.0,0.0,3.0,5.0,106.52199999999999
2015-10-12,2015,10,Oct,4,42,Daily,9.66,7.33,6.0,68.85,12.0,0.0,5.0,3.0,111.84
2015-10-13,2015,10,Oct,4,42,Daily,3.83,7.0,5.2,63.8,5.5,0.0,5.0,1.0,91.33
2015-10-14,2015,10,Oct,4,42,Daily,4.66,7.33,3.9,38.6,7.0,0.0,0.0,1.0,62.49
2015-10-15,2015,10,Oct,4,42,Daily,5.16,5.726,7.3,64.724,4.0,0.0,9.0,1.0,96.91
2015-10-16,2015,10,Oct,4,42,Daily,1.67,3.33,5.2,57.3,2.0,0.0,5.0,1.0,75.5
2015-10-17,2015,10,Oct,4,42,Daily,10.34,2.837,3.4,74.3,8.0,0.0,0.0,1.0,99.877
2015-10-18,2015,10,Oct,4,42,Daily,7.34,6.54,4.9,55.6,3.0,1.0,8.0,8.0,94.38
2015-10-19,2015,10,Oct,4,43,Daily,12.0,3.802,3.0,62.6,3.0,0.0,17.0,0.0,101.402
2015-10-20,2015,10,Oct,4,43,Daily,3.34,1.99,2.3,44.7,6.0,0.0,10.0,5.0,73.33000000000001
2015-10-21,2015,10,Oct,4,43,Daily,8.66,2.363,3.2,36.8,9.0,1.0,1.0,4.0,66.023
2015-10-22,2015,10,Oct,4,43,Daily,4.33,0.34,0.0,35.262,9.0,0.0,2.0,2.0,52.932
2015-10-23,2015,10,Oct,4,43,Daily,7.0,1.66,10.2,41.4,3.0,0.0,6.0,2.0,71.25999999999999
2015-10-24,2015,10,Oct,4,43,Daily,9.84,8.35,9.1,67.4,8.0,0.0,4.0,2.0,108.69
2015-10-25,2015,10,Oct,4,43,Daily,3.0,3.33,3.1,64.6,4.0,0.0,0.0,4.0,82.03
2015-10-26,2015,10,Oct,4,44,Daily,9.0,5.33,8.0,53.3,8.0,1.0,2.0,2.0,88.63
2015-10-27,2015,10,Oct,4,44,Daily,4.33,2.0,8.5,64.4,7.0,0.0,8.0,3.0,97.23
2015-10-28,2015,10,Oct,4,44,Daily,1.0,1.66,1.0,33.0,11.0,1.0,6.0,2.0,56.66
2015-10-29,2015,10,Oct,4,44,Daily,2.33,3.693,1.3,38.3,8.0,0.0,0.0,1.0,54.623
2015-10-30,2015,10,Oct,4,44,Daily,5.33,3.67,3.2,49.6,8.0,0.0,5.0,3.0,77.8
2015-10-31,2015,10,Oct,4,44,Daily,5.66,4.65,8.0,58.4,6.0,0.0,7.0,1.0,90.71000000000001
2015-11-01,2015,11,Nov,4,44,Daily,2.33,7.99,5.6,80.4,11.0,0.0,5.0,0.0,112.32000000000001
2015-11-02,2015,11,Nov,4,45,Daily,4.66,4.33,4.0,46.3,7.0,0.0,7.0,2.0,75.28999999999999
2015-11-03,2015,11,Nov,4,45,Daily,1.34,4.35,4.3,41.8,5.0,0.0,3.0,0.0,59.78999999999999
2015-11-04,2015,11,Nov,4,45,Daily,8.5,2.34,3.0,59.8,18.0,3.0,3.0,4.0,101.64
2015-11-05,2015,11,Nov,4,45,Daily,4.33,3.561,7.4,45.0,3.0,0.0,0.0,2.0,65.291
2015-11-06,2015,11,Nov,4,45,Daily,3.33,6.736,4.0,31.475,5.0,2.0,1.0,0.0,53.541
2015-11-07,2015,11,Nov,4,45,Daily,4.0,3.11,4.8,69.9,15.0,1.0,6.0,1.0,104.81
2015-11-08,2015,11,Nov,4,45,Daily,6.33,3.67,7.2,48.6,7.0,0.0,13.0,1.0,86.8
2015-11-09,2015,11,Nov,4,46,Daily,3.66,6.198,4.2,40.75,3.0,1.0,12.0,1.0,71.80799999999999
2015-11-10,2015,11,Nov,4,46,Daily,6.33,7.482,10.0,41.2,8.0,0.0,9.0,2.0,84.012
2015-11-11,2015,11,Nov,4,46,Daily,9.66,5.34,7.2,60.0,4.0,0.0,12.0,3.0,101.2
2015-11-12,2015,11,Nov,4,46,Daily,6.0,4.33,6.0,24.0,11.0,0.0,20.0,0.0,71.33
2015-11-13,2015,11,Nov,4,46,Daily,5.0,2.44,2.0,22.0,13.0,0.0,0.0,0.0,44.44
2015-11-14,2015,11,Nov,4,46,Daily,4.99,0.33,3.7,19.0,5.0,1.0,0.0,1.0,35.019999999999996
2015-11-15,2015,11,Nov,4,46,Daily,1.33,11.99,9.3,42.35,8.0,2.0,17.0,0.0,91.97
2015-11-16,2015,11,Nov,4,47,Daily,5.67,3.67,6.0,50.3,9.0,0.0,3.0,2.0,79.64
2015-11-17,2015,11,Nov,4,47,Daily,6.34,4.693,4.7,60.0,1.0,0.0,0.0,2.0,78.733
2015-11-18,2015,11,Nov,4,47,Daily,6.34,5.33,5.5,24.5,11.0,0.0,0.0,2.0,54.67
2015-11-19,2015,11,Nov,4,47,Daily,2.0,2.99,2.1,26.4,22.0,0.0,0.0,0.0,55.489999999999995
2015-11-20,2015,11,Nov,4,47,Daily,5.66,1.66,3.8,25.6,2.0,2.0,10.0,3.0,53.72
2015-11-21,2015,11,Nov,4,47,Daily,4.0,2.01,5.2,45.5,4.0,0.0,17.0,3.0,80.71000000000001
2015-11-22,2015,11,Nov,4,47,Daily,2.0,3.439,2.6,41.2,6.0,2.0,2.0,1.0,60.239000000000004
2015-11-23,2015,11,Nov,4,48,Daily,3.0,1.0,4.7,69.0,3.0,0.0,1.0,2.0,83.7
2015-11-24,2015,11,Nov,4,48,Daily,5.0,6.33,6.4,19.8,12.0,3.0,1.0,5.0,58.53
2015-11-25,2015,11,Nov,4,48,Daily,5.66,5.33,3.2,29.0,11.0,0.0,3.0,3.0,60.19
2015-11-26,2015,11,Nov,4,48,Daily,4.33,4.0,2.0,25.975,8.0,0.0,0.0,0.0,44.305
2015-11-27,2015,11,Nov,4,48,Daily,0.67,4.373,2.0,20.8,7.0,0.0,0.0,0.0,34.843
2015-11-28,2015,11,Nov,4,48,Daily,6.33,3.66,4.0,46.825,3.0,0.0,10.0,1.0,74.815
2015-11-29,2015,11,Nov,4,48,Daily,6.66,3.726,6.0,42.2,1.0,0.0,4.0,0.0,63.586
2015-11-30,2015,11,Nov,4,49,Daily,7.33,1.825,5.0,35.3,5.0,1.0,6.0,3.0,64.455
2015-12-01,2015,12,Dec,4,49,Daily,1.99,2.023,6.3,23.9,4.0,1.0,5.0,1.0,45.212999999999994
2015-12-02,2015,12,Dec,4,49,Daily,1.0,3.33,2.4,42.0,23.0,4.0,0.0,0.0,75.73
2015-12-03,2015,12,Dec,4,49,Daily,4.0,3.0,5.6,56.0,6.0,1.0,1.0,1.0,77.6
2015-12-04,2015,12,Dec,4,49,Daily,3.33,4.759,4.7,25.6,9.0,3.0,3.0,1.0,54.389
2015-12-05,2015,12,Dec,4,49,Daily,8.0,3.033,2.0,35.05,2.0,0.0,7.0,2.33,59.413
2015-12-06,2015,12,Dec,4,49,Daily,5.67,7.0,3.4,60.4,5.0,2.0,3.0,1.0,87.47
2015-12-07,2015,12,Dec,4,50,Daily,3.0,2.099,2.2,26.5,6.0,1.0,11.0,6.0,57.799
2015-12-08,2015,12,Dec,4,50,Daily,2.0,6.34,2.0,41.325,8.0,0.0,0.0,0.0,59.665000000000006
2015-12-09,2015,12,Dec,4,50,Daily,3.34,3.472,7.0,41.262,16.0,0.0,3.0,1.0,75.074
2015-12-10,2015,12,Dec,4,50,Daily,11.66,10.69,16.0,31.9,9.0,0.0,9.0,2.1,90.35
2015-12-11,2015,12,Dec,4,50,Daily,5.84,6.165,3.0,22.7,9.0,0.0,16.0,1.0,63.705
2015-12-12,2015,12,Dec,4,50,Daily,6.34,3.2,3.0,42.2,5.0,2.0,6.0,1.0,68.74000000000001
2015-12-13,2015,12,Dec,4,50,Daily,9.33,4.32,7.0,29.0,5.0,0.0,27.0,0.0,81.65
2015-12-14,2015,12,Dec,4,51,Daily,5.0,3.0,6.6,37.4,11.0,0.0,21.0,1.0,85.0
2015-12-15,2015,12,Dec,4,51,Daily,4.99,2.0,5.0,42.0,3.0,1.0,2.0,1.0,60.99
2015-12-16,2015,12,Dec,4,51,Daily,6.67,4.0,4.0,42.0,11.0,1.0,11.0,0.0,79.67
2015-12-17,2015,12,Dec,4,51,Daily,9.0,3.01,3.0,25.0,7.0,0.0,0.0,2.0,49.01
2015-12-18,2015,12,Dec,4,51,Daily,4.33,8.901,4.3,27.2,12.0,4.0,2.0,1.0,63.730999999999995
2015-12-19,2015,12,Dec,4,51,Daily,0.0,0.0,0.0,0.0,0.0,0.0,0.0,0.0,0.0
2015-12-20,2015,12,Dec,4,51,Daily,3.0,3.474,2.2,43.0,3.0,0.0,16.0,1.0,71.674
2015-12-21,2015,12,Dec,4,52,Daily,5.0,6.34,2.0,53.6,14.0,0.0,6.0,0.4,87.34
2015-12-22,2015,12,Dec,4,52,Daily,5.66,0.0,5.0,48.0,6.0,0.0,13.0,1.0,78.66
2015-12-23,2015,12,Dec,4,52,Daily,3.33,4.01,2.3,28.8,3.0,0.0,0.0,0.0,41.44
2015-12-24,2015,12,Dec,4,52,Daily,7.33,3.396,5.0,28.3,5.0,0.0,16.0,0.0,65.026
2015-12-25,2015,12,Dec,4,52,Daily,0.66,4.66,2.0,20.662,28.0,2.0,1.0,1.0,59.982
2015-12-26,2015,12,Dec,4,52,Daily,4.67,1.66,5.0,87.2,15.0,3.0,0.0,4.3,120.83
2015-12-27,2015,12,Dec,4,52,Daily,5.33,6.792,5.2,63.5,4.0,0.0,14.0,4.6,103.422
2015-12-28,2015,12,Dec,4,53,Daily,4.0,5.099,9.2,61.5,18.0,3.0,26.0,1.0,127.799
2015-12-29,2015,12,Dec,4,53,Daily,10.67,2.33,2.0,71.6,9.0,0.0,2.0,3.0,100.6
2015-12-30,2015,12,Dec,4,53,Daily,6.66,7.089,2.0,56.4,12.0,0.0,4.0,2.0,90.149
2015-12-31,2015,12,Dec,4,53,Daily,7.66,6.099,7.6,44.35,18.0,0.0,6.0,1.0,90.709
2016-01-01,2016,1,Jan,1,53,Daily,0.0,0.0,0.0,0.0,0.0,0.0,0.0,0.0,0.0
2016-01-02,2016,1,Jan,1,53,Daily,0.34,1.02,1.0,51.2,0.0,1.0,5.0,5.0,64.56
2016-01-03,2016,1,Jan,1,53,Daily,4.0,4.0,2.5,56.1,1.0,0.0,5.0,1.0,73.6
2016-01-04,2016,1,Jan,1,1,Daily,7.33,5.99,6.0,46.6,6.0,0.0,12.0,1.0,84.92
2016-01-05,2016,1,Jan,1,1,Daily,5.33,5.99,4.6,38.6,15.0,0.0,5.0,1.0,75.52000000000001
2016-01-06,2016,1,Jan,1,1,Daily,6.66,3.0,6.0,61.9,2.0,0.0,12.0,2.0,93.56
2016-01-07,2016,1,Jan,1,1,Daily,0.0,0.0,0.0,0.0,0.0,0.0,0.0,0.0,0.0
2016-01-08,2016,1,Jan,1,1,Daily,8.0,3.463,7.7,39.2,8.0,3.0,2.0,2.0,73.363
2016-01-09,2016,1,Jan,1,1,Daily,7.33,2.66,5.0,88.3,9.0,0.0,3.0,3.0,118.28999999999999
2016-01-10,2016,1,Jan,1,1,Daily,7.0,4.033,12.0,67.6,8.0,1.0,1.0,0.0,100.633
2016-01-11,2016,1,Jan,1,2,Daily,9.34,5.66,7.0,64.9,18.0,0.0,0.0,4.0,108.9
2016-01-12,2016,1,Jan,1,2,Daily,12.0,3.132,12.0,61.35,8.0,0.0,0.0,0.0,96.482
2016-01-13,2016,1,Jan,1,2,Daily,9.0,1.66,5.0,41.7,15.0,0.0,1.0,2.0,75.36
2016-01-14,2016,1,Jan,1,2,Daily,2.0,5.155,6.0,69.0,18.0,0.0,8.0,2.0,110.155
2016-01-15,2016,1,Jan,1,2,Daily,8.98,4.66,10.6,18.1,8.0,0.0,10.0,2.0,62.34
2016-01-16,2016,1,Jan,1,2,Daily,3.34,5.34,6.0,63.6,11.0,0.0,2.0,1.0,92.28
2016-01-17,2016,1,Jan,1,2,Daily,7.01,1.604,3.9,46.6,4.0,0.0,0.0,1.0,64.114
2016-01-18,2016,1,Jan,1,3,Daily,3.5,2.99,4.3,62.8,3.0,2.0,9.0,2.0,89.59
2016-01-19,2016,1,Jan,1,3,Daily,6.0,5.66,6.0,49.8,7.0,0.0,0.0,3.0,77.46
2016-01-20,2016,1,Jan,1,3,Daily,2.32,3.363,3.0,15.1,29.0,3.0,3.0,2.0,60.783
2016-01-21,2016,1,Jan,1,3,Daily,5.0,1.43,1.0,68.4,8.0,4.0,6.0,5.0,98.83000000000001
2016-01-22,2016,1,Jan,1,3,Daily,0.83,7.678,7.0,39.5,11.0,0.0,10.0,0.0,76.008
2016-01-23,2016,1,Jan,1,3,Daily,6.33,6.132,7.1,36.8,4.0,0.0,6.0,2.0,68.362
2016-01-24,2016,1,Jan,1,3,Daily,4.0,6.122,11.3,48.1,3.0,0.0,12.0,3.0,87.522
2016-01-25,2016,1,Jan,1,4,Daily,10.33,4.26,4.0,46.95,12.0,2.0,10.0,1.5,91.04
2016-01-26,2016,1,Jan,1,4,Daily,5.68,4.069,8.0,30.3,9.0,0.0,15.0,0.0,72.049
2016-01-27,2016,1,Jan,1,4,Daily,4.34,4.429,3.4,30.062,18.0,5.0,5.0,2.0,72.231
2016-01-28,2016,1,Jan,1,4,Daily,7.33,6.66,4.4,33.0,4.0,0.0,4.0,3.0,62.39
2016-01-29,2016,1,Jan,1,4,Daily,5.0,8.67,8.6,74.4,3.0,1.0,17.0,2.0,119.67
2016-01-30,2016,1,Jan,1,4,Daily,9.0,4.429,5.3,47.462,3.0,2.0,5.0,2.0,78.191
2016-01-31,2016,1,Jan,1,4,Daily,4.33,5.143,3.8,78.9,3.0,0.0,6.0,2.0,103.173
2016-02-01,2016,2,Feb,1,5,Daily,6.34,5.0,7.1,18.0,7.0,0.0,6.0,1.0,50.44
2016-02-02,2016,2,Feb,1,5,Daily,14.33,4.878,1.3,39.0,6.0,0.0,0.0,1.0,66.508
2016-02-03,2016,2,Feb,1,5,Daily,8.0,6.693,11.5,39.062,11.0,5.0,0.0,0.0,81.255
2016-02-04,2016,2,Feb,1,5,Daily,8.34,4.0,4.2,28.8,5.0,0.0,4.0,4.0,58.34
2016-02-05,2016,2,Feb,1,5,Daily,5.66,2.0,3.0,51.6,7.0,0.0,3.0,1.0,73.26
2016-02-06,2016,2,Feb,1,5,Daily,5.33,10.33,3.0,57.162,1.0,0.0,11.0,2.0,89.822
2016-02-07,2016,2,Feb,1,5,Daily,3.66,6.056,4.5,88.2,2.0,0.0,13.0,1.0,118.416
2016-02-08,2016,2,Feb,1,6,Daily,6.33,6.99,5.5,28.038,5.0,0.0,23.0,1.0,75.858
2016-02-09,2016,2,Feb,1,6,Daily,7.0,3.33,4.4,47.7,16.0,2.0,1.0,2.0,83.43
2016-02-10,2016,2,Feb,1,6,Daily,4.34,4.703,7.2,34.1,29.0,0.0,4.0,2.0,85.343
2016-02-11,2016,2,Feb,1,6,Daily,1.66,4.156,2.7,38.1,10.0,1.0,13.0,4.0,74.616
2016-02-12,2016,2,Feb,1,6,Daily,5.99,6.429,8.5,60.675,4.0,0.0,20.0,1.0,106.594
2016-02-13,2016,2,Feb,1,6,Daily,2.67,3.67,5.0,42.4,2.0,0.0,10.0,2.0,67.74
2016-02-14,2016,2,Feb,1,6,Daily,5.84,7.34,3.8,43.6,5.0,0.0,7.0,4.0,76.58
2016-02-15,2016,2,Feb,1,7,Daily,5.33,5.33,5.3,52.2,6.0,0.0,0.0,0.0,74.16
2016-02-16,2016,2,Feb,1,7,Daily,7.33,2.32,3.0,29.0,3.0,2.0,9.0,3.0,58.65
2016-02-17,2016,2,Feb,1,7,Daily,3.0,5.0,4.0,26.6,12.0,1.0,1.0,0.0,52.6
2016-02-18,2016,2,Feb,1,7,Daily,2.34,1.0,4.3,43.85,3.0,0.0,9.0,1.0,64.49000000000001
2016-02-19,2016,2,Feb,1,7,Daily,4.0,1.67,4.0,28.7,18.0,2.0,26.0,1.0,85.37
2016-02-20,2016,2,Feb,1,7,Daily,10.33,4.122,4.0,36.9,5.0,0.0,8.0,3.0,71.352
2016-02-21,2016,2,Feb,1,7,Daily,6.34,4.0,0.0,55.7,5.0,2.0,7.0,4.0,84.04
2016-02-22,2016,2,Feb,1,8,Daily,3.0,5.32,3.0,51.125,10.0,0.0,12.0,4.0,88.445
2016-02-23,2016,2,Feb,1,8,Daily,3.0,2.33,2.6,41.3,11.0,0.0,15.0,3.0,78.22999999999999
2016-02-24,2016,2,Feb,1,8,Daily,7.66,2.33,2.1,35.0,6.0,2.0,5.0,1.0,61.09
2016-02-25,2016,2,Feb,1,8,Daily,7.99,3.99,5.0,41.0,22.0,1.0,4.0,3.0,87.98
2016-02-26,2016,2,Feb,1,8,Daily,5.0,5.848,4.5,28.55,6.0,2.0,0.0,1.0,52.897999999999996
2016-02-27,2016,2,Feb,1,8,Daily,8.0,7.0,6.6,25.8,3.0,0.0,5.0,2.0,57.400000000000006
2016-02-28,2016,2,Feb,1,8,Daily,8.0,4.033,10.1,66.5,6.0,0.0,26.0,5.0,125.63300000000001
2016-02-29,2016,2,Feb,1,9,Daily,7.0,7.66,4.0,46.2,13.0,0.0,3.0,1.0,81.86
2016-03-01,2016,3,Mar,1,9,Daily,10.0,4.0,2.2,31.0,11.0,2.0,0.0,2.0,62.2
2016-03-02,2016,3,Mar,1,9,Daily,3.33,10.396,5.3,21.3,15.0,2.0,1.0,0.0,58.326
2016-03-03,2016,3,Mar,1,9,Daily,2.83,2.0,5.0,55.8,2.0,0.0,9.0,4.0,80.63
2016-03-04,2016,3,Mar,1,9,Daily,5.0,0.99,4.4,26.6,3.0,0.0,0.0,0.0,39.99
2016-03-05,2016,3,Mar,1,9,Daily,5.0,4.891,8.0,38.0,9.0,0.0,10.0,5.0,79.89099999999999
2016-03-06,2016,3,Mar,1,9,Daily,5.0,8.145,4.9,79.9,2.0,0.0,5.0,7.0,111.94500000000001
2016-03-07,2016,3,Mar,1,10,Daily,5.33,7.34,4.0,43.5,3.0,1.0,6.0,1.0,71.17
2016-03-08,2016,3,Mar,1,10,Daily,4.0,6.66,3.0,44.0,7.0,0.0,3.0,3.0,70.66
2016-03-09,2016,3,Mar,1,10,Daily,4.34,5.67,7.0,21.8,7.0,1.0,6.0,4.0,56.81
2016-03-10,2016,3,Mar,1,10,Daily,6.33,10.33,2.0,23.4,8.0,0.0,2.0,2.0,54.06
2016-03-11,2016,3,Mar,1,10,Daily,3.33,4.363,6.2,22.0,8.0,0.0,18.0,1.0,62.893
2016-03-12,2016,3,Mar,1,10,Daily,3.0,6.373,1.4,41.8,4.0,0.0,23.0,1.0,80.57300000000001
2016-03-13,2016,3,Mar,1,10,Daily,2.5,4.134,1.5,59.2,4.0,0.0,4.0,0.34,75.674
2016-03-14,2016,3,Mar,1,11,Daily,4.33,3.32,10.0,35.9,12.0,0.0,23.0,1.0,89.55
2016-03-15,2016,3,Mar,1,11,Daily,5.33,3.32,2.0,24.0,7.0,0.0,18.0,3.0,62.65
2016-03-16,2016,3,Mar,1,11,Daily,5.33,13.34,5.7,37.4,16.0,0.0,4.0,4.0,85.77
2016-03-17,2016,3,Mar,1,11,Daily,5.66,5.396,5.0,60.2,10.0,0.0,8.0,5.0,99.256
2016-03-18,2016,3,Mar,1,11,Daily,3.34,5.353,5.2,25.462,15.0,2.0,8.0,3.0,67.355
2016-03-19,2016,3,Mar,1,11,Daily,10.66,8.33,2.8,19.5,6.0,1.0,5.0,5.0,58.290000000000006
2016-03-20,2016,3,Mar,1,11,Daily,7.99,9.693,2.2,42.2,1.0,0.0,15.0,5.0,83.083
2016-03-21,2016,3,Mar,1,12,Daily,5.0,8.056,6.0,45.7,11.0,0.0,36.0,7.0,118.756
2016-03-22,2016,3,Mar,1,12,Daily,2.33,0.0,5.0,42.188,12.0,2.0,4.0,2.0,69.518
2016-03-23,2016,3,Mar,1,12,Daily,4.0,3.0,6.0,24.25,22.0,1.0,0.0,3.0,63.25
2016-03-24,2016,3,Mar,1,12,Daily,6.84,2.0,3.0,32.0,4.0,0.0,8.0,2.0,57.84
2016-03-25,2016,3,Mar,1,12,Daily,7.0,7.35,4.2,42.8,8.0,0.0,3.0,3.0,75.35
2016-03-26,2016,3,Mar,1,12,Daily,2.5,0.66,7.5,33.25,4.0,0.0,0.0,5.0,52.91
2016-03-27,2016,3,Mar,1,12,Daily,7.83,5.449,13.7,63.3,11.0,1.0,1.0,4.0,107.279
2016-03-28,2016,3,Mar,1,13,Daily,3.34,2.34,1.7,24.6,20.0,0.0,4.0,4.5,60.480000000000004
2016-03-29,2016,3,Mar,1,13,Daily,5.68,1.33,3.2,36.2,4.0,0.0,12.0,1.0,63.410000000000004
2016-03-30,2016,3,Mar,1,13,Daily,7.16,2.68,7.4,22.2,3.0,0.0,12.0,5.0,59.44
2016-03-31,2016,3,Mar,1,13,Daily,2.33,8.68,2.9,31.25,1.0,0.0,5.0,5.0,56.16
2016-04-01,2016,4,Apr,2,13,Daily,6.33,3.01,2.7,50.4,4.0,0.0,16.0,10.5,92.94
2016-04-02,2016,4,Apr,2,13,Daily,3.67,2.0,7.0,32.3,4.0,0.0,19.0,7.4,75.37
2016-04-03,2016,4,Apr,2,13,Daily,9.67,7.396,5.3,73.5,5.0,0.0,6.0,11.0,117.866
2016-04-04,2016,4,Apr,2,14,Daily,7.0,5.231,5.0,21.6,3.0,1.0,11.0,2.0,55.831
2016-04-05,2016,4,Apr,2,14,Daily,6.0,5.33,4.0,40.3,5.0,1.0,11.0,12.0,84.63
2016-04-06,2016,4,Apr,2,14,Daily,6.66,5.363,2.0,15.25,7.0,0.0,6.0,3.0,45.272999999999996
2016-04-07,2016,4,Apr,2,14,Daily,6.33,5.98,4.0,21.0,7.0,2.0,4.0,8.2,58.510000000000005
2016-04-08,2016,4,Apr,2,14,Daily,7.67,3.66,5.0,42.3,2.0,1.0,3.0,4.4,69.03
2016-04-09,2016,4,Apr,2,14,Daily,9.0,9.01,3.1,38.8,7.0,0.0,14.0,3.0,83.91
2016-04-10,2016,4,Apr,2,14,Daily,5.0,6.67,5.15,21.4,4.0,1.0,11.0,8.0,62.22
2016-04-11,2016,4,Apr,2,15,Daily,0.33,4.99,3.0,26.0,11.0,2.0,17.0,6.0,70.32
2016-04-12,2016,4,Apr,2,15,Daily,4.34,4.65,6.0,41.6,19.0,1.0,2.0,5.0,83.59
2016-04-13,2016,4,Apr,2,15,Daily,6.33,3.066,3.0,34.0,22.33333333,0.0,2.0,3.0,73.72933333
2016-04-14,2016,4,Apr,2,15,Daily,2.66,2.32,8.5,44.225,9.0,0.0,4.0,6.0,76.705
2016-04-15,2016,4,Apr,2,15,Daily,4.33,3.056,2.7,23.6,6.0,0.0,10.0,4.2,53.886
2016-04-16,2016,4,Apr,2,15,Daily,5.34,6.66,5.3,33.0,11.0,0.0,8.0,8.5,77.8
2016-04-17,2016,4,Apr,2,15,Daily,4.33,8.175,3.0,52.8,2.0,0.0,7.0,7.2,84.505
2016-04-18,2016,4,Apr,2,16,Daily,3.66,2.0,5.0,22.1,15.0,3.0,7.0,7.0,64.76
2016-04-19,2016,4,Apr,2,16,Daily,3.0,1.34,8.3,24.3,7.0,0.0,6.0,4.0,53.94
2016-04-20,2016,4,Apr,2,16,Daily,2.66,3.33,2.4,17.1,11.0,5.0,15.0,3.0,59.49
2016-04-21,2016,4,Apr,2,16,Daily,3.0,3.464,3.0,21.6,6.0,0.0,0.0,2.3,39.364
2016-04-22,2016,4,Apr,2,16,Daily,6.0,5.67,4.0,21.9,4.0,0.0,6.0,1.0,48.57
2016-04-23,2016,4,Apr,2,16,Daily,13.66,3.69,8.0,33.2,8.0,0.0,0.0,4.5,71.05000000000001
2016-04-24,2016,4,Apr,2,16,Daily,1.0,6.66,5.5,36.95,3.0,0.0,6.0,5.0,64.11
2016-04-25,2016,4,Apr,2,17,Daily,6.67,1.66,7.25,21.7,20.0,1.0,3.0,2.5,63.78
2016-04-26,2016,4,Apr,2,17,Daily,5.33,4.99,7.0,27.2,19.0,0.0,7.0,2.0,72.52
2016-04-27,2016,4,Apr,2,17,Daily,5.66,7.495,7.0,47.4,27.0,0.0,1.0,2.0,97.555
2016-04-28,2016,4,Apr,2,17,Daily,4.66,6.34,6.0,28.0,17.66666667,0.0,12.0,12.0,86.66666667
2016-04-29,2016,4,Apr,2,17,Daily,6.66,3.0,2.5,37.0,15.0,0.0,1.0,3.2,68.36
2016-04-30,2016,4,Apr,2,17,Daily,9.66,10.32,7.0,47.812,11.0,0.0,1.0,4.5,91.292
2016-05-01,2016,5,May,2,17,Daily,0.0,0.0,0.0,0.0,0.0,0.0,0.0,0.0,0.0
2016-05-02,2016,5,May,2,18,Daily,4.0,1.02,1.0,39.2,7.0,0.0,5.0,2.0,59.22
2016-05-03,2016,5,May,2,18,Daily,6.33,5.99,3.0,23.9,3.0,0.0,0.0,2.0,44.22
2016-05-04,2016,5,May,2,18,Daily,7.34,3.0,5.0,32.2,4.0,0.0,1.0,2.0,54.540000000000006
2016-05-05,2016,5,May,2,18,Daily,4.66,3.0,6.0,41.0,16.0,3.0,1.0,2.0,76.66
2016-05-06,2016,5,May,2,18,Daily,4.0,2.99,1.0,33.6,7.0,0.0,1.0,3.0,52.59
2016-05-07,2016,5,May,2,18,Daily,3.99,8.34,4.0,47.2,5.0,1.0,0.0,10.0,79.53
2016-05-08,2016,5,May,2,18,Daily,5.0,10.66,1.0,40.4,12.0,0.0,1.0,11.0,81.06
2016-05-09,2016,5,May,2,19,Daily,5.67,6.363,5.0,29.2,3.0,0.0,2.0,5.0,56.233000000000004
2016-05-10,2016,5,May,2,19,Daily,7.33,3.67,7.0,28.25,4.0,0.0,2.0,3.5,55.75
2016-05-11,2016,5,May,2,19,Daily,5.33,4.66,4.0,23.0,13.0,0.0,3.0,2.0,54.99
2016-05-12,2016,5,May,2,19,Daily,3.01,1.759,8.0,28.1,8.0,1.0,2.0,0.0,51.869
2016-05-13,2016,5,May,2,19,Daily,2.33,2.33,3.0,37.0,9.0,0.0,0.0,5.0,58.66
2016-05-14,2016,5,May,2,19,Daily,5.34,4.67,5.55,31.25,13.0,0.0,21.0,1.0,81.81
2016-05-15,2016,5,May,2,19,Daily,5.33,8.188,1.2,44.1,6.0,0.0,5.0,4.0,73.818
2016-05-16,2016,5,May,2,20,Daily,5.0,3.66,2.0,24.0,17.0,0.0,2.0,3.0,56.66
2016-05-17,2016,5,May,2,20,Daily,4.0,2.33,7.1,38.4,4.0,0.0,1.0,3.2,60.03
2016-05-18,2016,5,May,2,20,Daily,4.0,5.33,5.25,35.0,7.0,0.0,1.0,5.0,62.58
2016-05-19,2016,5,May,2,20,Daily,6.34,5.66,2.0,30.5,10.0,0.0,16.0,3.0,73.5
2016-05-20,2016,5,May,2,20,Daily,3.0,1.132,3.0,14.0,14.0,2.0,9.0,5.0,51.132
2016-05-21,2016,5,May,2,20,Daily,2.0,5.34,5.2,42.5,3.0,0.0,17.0,5.0,80.03999999999999
2016-05-22,2016,5,May,2,20,Daily,4.34,4.51,9.05,55.6,6.0,1.0,0.0,10.0,90.5
2016-05-23,2016,5,May,2,21,Daily,5.0,2.363,5.0,54.7,19.0,0.0,7.0,4.0,97.063
2016-05-24,2016,5,May,2,21,Daily,12.0,3.167,4.0,32.0,3.0,0.0,3.0,2.0,59.167
2016-05-25,2016,5,May,2,21,Daily,8.34,1.67,6.0,25.05,16.0,1.0,0.0,1.2,59.260000000000005
2016-05-26,2016,5,May,2,21,Daily,4.67,5.33,5.35,24.8,20.0,1.0,0.0,9.0,70.15
2016-05-27,2016,5,May,2,21,Daily,8.67,2.683,5.25,17.0,14.0,7.0,2.0,6.0,62.603
2016-05-28,2016,5,May,2,21,Daily,12.33,0.363,3.0,43.0,4.0,0.0,4.0,9.0,75.693
2016-05-29,2016,5,May,2,21,Daily,8.67,4.33,6.0,31.8,2.0,1.0,5.0,9.2,68.0
2016-05-30,2016,5,May,2,22,Daily,3.34,3.023,4.1,29.4,3.0,0.0,7.0,8.0,57.863
2016-05-31,2016,5,May,2,22,Daily,6.0,3.33,3.5,21.0,3.0,0.0,13.0,2.0,51.83
2016-06-01,2016,6,Jun,2,22,Daily,9.0,1.1,2.0,20.0,11.0,0.0,7.0,5.0,55.1
2016-06-02,2016,6,Jun,2,22,Daily,2.33,6.0,1.05,21.25,18.0,3.0,4.0,1.0,56.63
2016-06-03,2016,6,Jun,2,22,Daily,7.33,3.0,4.0,18.0,8.0,0.0,1.0,7.0,48.33
2016-06-04,2016,6,Jun,2,22,Daily,3.33,3.34,3.3,21.0,2.0,0.0,0.0,4.0,36.97
2016-06-05,2016,6,Jun,2,22,Daily,10.34,3.066,4.3,23.4,5.0,0.0,3.0,4.0,53.105999999999995
2016-06-06,2016,6,Jun,2,23,Daily,5.33,2.802,4.0,26.2,5.0,0.0,6.0,6.0,55.332
2016-06-07,2016,6,Jun,2,23,Daily,6.0,3.363,4.1,28.5,13.0,0.0,10.0,3.0,67.963
2016-06-08,2016,6,Jun,2,23,Daily,8.66,1.33,5.5,45.062,10.0,0.0,5.0,6.0,81.55199999999999
2016-06-09,2016,6,Jun,2,23,Daily,8.67,4.33,2.0,20.6,7.0,0.0,1.0,4.2,47.800000000000004
2016-06-10,2016,6,Jun,2,23,Daily,8.33,4.0,4.0,26.0,11.0,2.0,0.0,5.0,60.33
2016-06-11,2016,6,Jun,2,23,Daily,10.66,2.825,2.0,35.6,4.0,1.0,10.0,8.0,74.08500000000001
2016-06-12,2016,6,Jun,2,23,Daily,8.34,7.353,3.4,47.0,8.0,0.0,4.0,6.0,84.093
2016-06-13,2016,6,Jun,2,24,Daily,5.66,4.736,1.0,15.0,7.0,0.0,1.0,2.0,36.396
2016-06-14,2016,6,Jun,2,24,Daily,2.33,6.0,6.1,17.4,17.0,1.0,2.0,3.0,54.83
2016-06-15,2016,6,Jun,2,24,Daily,5.0,5.495,7.0,35.0,22.0,1.0,1.0,6.0,82.495
2016-06-16,2016,6,Jun,2,24,Daily,4.0,0.33,1.0,20.5,4.0,0.0,22.0,3.0,54.83
2016-06-17,2016,6,Jun,2,24,Daily,3.34,3.67,3.65,20.0,8.0,0.0,4.0,4.0,46.66
2016-06-18,2016,6,Jun,2,24,Daily,2.0,4.33,6.5,37.5,1.0,0.0,5.0,4.0,60.33
2016-06-19,2016,6,Jun,2,24,Daily,6.34,6.01,3.0,40.0,1.0,0.0,7.0,15.0,78.35
2016-06-20,2016,6,Jun,2,25,Daily,7.34,3.34,6.0,22.388,5.0,0.0,8.0,6.0,58.068
2016-06-21,2016,6,Jun,2,25,Daily,7.33,4.66,9.0,23.0,15.0,0.0,7.0,5.6,71.59
2016-06-22,2016,6,Jun,2,25,Daily,2.0,6.067,2.3,42.0,6.0,0.0,2.0,2.0,62.367000000000004
2016-06-23,2016,6,Jun,2,25,Daily,3.0,0.33,2.3,19.0,5.0,0.0,1.0,3.0,33.629999999999995
2016-06-24,2016,6,Jun,2,25,Daily,6.0,2.34,3.05,19.0,15.0,0.0,1.0,2.0,48.39
2016-06-25,2016,6,Jun,2,25,Daily,5.68,4.99,8.0,20.25,5.0,0.0,1.0,4.0,48.92
2016-06-26,2016,6,Jun,2,25,Daily,3.0,3.845,2.0,17.4,20.0,0.0,2.0,3.0,51.245
2016-06-27,2016,6,Jun,2,26,Daily,6.0,3.067,5.25,24.0,9.0,0.0,9.0,2.0,58.317
2016-06-28,2016,6,Jun,2,26,Daily,1.33,1.429,2.25,24.0,20.0,5.0,2.0,7.0,63.009
2016-06-29,2016,6,Jun,2,26,Daily,7.0,8.01,6.5,22.0,12.5,7.0,1.0,2.0,66.00999999999999
2016-06-30,2016,6,Jun,2,26,Daily,4.0,3.803,3.2,9.0,6.0,0.0,0.0,2.0,28.003
2016-07-01,2016,7,Jul,3,26,Daily,4.0,2.01,5.5,24.0,1.0,0.0,20.0,7.0,63.51
2016-07-02,2016,7,Jul,3,26,Daily,4.66,5.132,6.0,25.4,9.0,0.0,2.0,3.0,55.192
2016-07-03,2016,7,Jul,3,26,Daily,6.67,4.165,5.4,18.6,4.0,0.0,11.0,5.0,54.835
2016-07-04,2016,7,Jul,3,27,Daily,8.34,5.34,1.15,14.0,8.0,3.0,7.0,6.0,52.83
2016-07-05,2016,7,Jul,3,27,Daily,6.0,4.01,2.0,19.0,10.0,0.0,0.0,3.0,44.01
2016-07-06,2016,7,Jul,3,27,Daily,9.33,5.726,5.0,30.0,5.0,0.0,8.0,4.0,67.056
2016-07-07,2016,7,Jul,3,27,Daily,7.34,5.01,1.0,21.0,11.0,1.0,0.0,2.0,48.35
2016-07-08,2016,7,Jul,3,27,Daily,1.34,7.056,9.2,28.0,12.0,1.0,0.0,4.3,62.896
2016-07-09,2016,7,Jul,3,27,Daily,3.33,6.0,4.5,11.0,12.0,0.0,0.0,2.0,38.83
2016-07-10,2016,7,Jul,3,27,Daily,5.66,8.32,4.2,29.0,6.0,0.0,0.0,3.0,56.18
2016-07-11,2016,7,Jul,3,28,Daily,6.33,1.703,3.0,19.312,9.0,0.0,4.0,6.2,49.545
2016-07-12,2016,7,Jul,3,28,Daily,5.67,2.67,4.0,27.2,14.0,0.0,3.0,4.0,60.54
2016-07-13,2016,7,Jul,3,28,Daily,6.218333333,7.0,5.0,26.4,11.0,0.0,3.0,2.0,60.618333332999995
2016-07-14,2016,7,Jul,3,28,Daily,2.34,2.363,5.0,12.4,3.0,0.0,3.0,5.0,33.103
2016-07-15,2016,7,Jul,3,28,Daily,3.0,8.0,2.0,15.0,4.0,0.0,0.0,3.33,35.33
2016-07-16,2016,7,Jul,3,28,Daily,9.33,6.737,3.0,23.3,6.0,0.0,1.0,8.0,57.367000000000004
2016-07-17,2016,7,Jul,3,28,Daily,9.01,4.01,3.0,26.65,3.0,0.0,7.0,4.0,56.67
2016-07-18,2016,7,Jul,3,29,Daily,6.0,2.497,8.0,25.4,2.0,0.0,3.0,4.0,50.897
2016-07-19,2016,7,Jul,3,29,Daily,7.34,1.33,6.0,19.0,5.0,0.0,1.0,2.0,41.67
2016-07-20,2016,7,Jul,3,29,Daily,10.33,4.66,7.1,25.2,6.0,0.0,5.0,5.0,63.29
2016-07-21,2016,7,Jul,3,29,Daily,5.66,5.32,4.1,17.0,15.0,0.0,1.0,2.0,50.08
2016-07-22,2016,7,Jul,3,29,Daily,3.33,1.66,7.0,14.0,4.0,0.0,0.0,2.0,31.990000000000002
2016-07-23,2016,7,Jul,3,29,Daily,4.66,5.49,2.1,15.0,6.0,0.0,0.0,5.0,38.25
2016-07-24,2016,7,Jul,3,29,Daily,2.33,4.99,4.0,32.0,4.0,0.0,0.0,2.0,49.32
2016-07-25,2016,7,Jul,3,30,Daily,13.0,3.33,7.0,22.0,9.0,0.0,4.0,4.0,62.33
2016-07-26,2016,7,Jul,3,30,Daily,8.32,2.66,1.0,10.0,16.0,0.0,0.0,2.0,39.980000000000004
2016-07-27,2016,7,Jul,3,30,Daily,3.0,6.33,4.15,10.0,4.0,1.0,9.0,2.0,39.480000000000004
2016-07-28,2016,7,Jul,3,30,Daily,9.67,3.99,4.0,22.5,12.0,1.0,5.0,3.0,61.16
2016-07-29,2016,7,Jul,3,30,Daily,9.99,4.51,6.0,11.0,17.0,1.0,11.0,2.0,62.5
2016-07-30,2016,7,Jul,3,30,Daily,6.33,3.99,4.0,37.0,7.0,0.0,1.0,6.0,65.32
2016-07-31,2016,7,Jul,3,30,Daily,6.0,5.01,4.5,22.0,5.0,0.0,0.0,4.0,46.51
2016-08-01,2016,8,Aug,3,31,Daily,8.33,1.396,5.0,14.0,7.5,1.0,1.0,6.0,44.226
2016-08-02,2016,8,Aug,3,31,Daily,8.33,7.0,5.0,12.0,12.0,0.0,1.0,1.0,46.33
2016-08-03,2016,8,Aug,3,31,Daily,8.0,2.98,3.5,21.0,11.0,0.0,13.0,3.0,62.480000000000004
2016-08-04,2016,8,Aug,3,31,Daily,8.0,2.693,2.0,34.4,12.0,0.0,17.0,4.0,80.09299999999999
2016-08-05,2016,8,Aug,3,31,Daily,10.33,3.42,3.7,21.0,24.0,0.0,24.0,1.3,87.75
2016-08-06,2016,8,Aug,3,31,Daily,3.0,3.662,5.0,20.0,33.0,0.0,1.0,2.0,67.662
2016-08-07,2016,8,Aug,3,31,Daily,8.0,4.155,8.2,40.2,12.0,0.0,5.0,3.0,80.555
2016-08-08,2016,8,Aug,3,32,Daily,8.34,5.99,5.5,15.0,36.0,0.0,1.0,4.0,75.83
2016-08-09,2016,8,Aug,3,32,Daily,6.33,4.66,7.0,29.0,26.0,1.0,2.0,4.0,79.99000000000001
2016-08-10,2016,8,Aug,3,32,Daily,11.34,2.99,7.0,24.1,11.0,0.0,3.0,2.0,61.43
2016-08-11,2016,8,Aug,3,32,Daily,5.67,3.66,0.0,25.0,1.0,0.0,0.0,2.0,37.33
2016-08-12,2016,8,Aug,3,32,Daily,8.66,5.66,6.1,27.6,6.0,4.0,0.0,2.0,60.02
2016-08-13,2016,8,Aug,3,32,Daily,8.0,6.737,5.0,32.0,2.0,0.0,0.0,5.0,58.737
2016-08-14,2016,8,Aug,3,32,Daily,5.0,4.857,4.5,18.21666667,2.0,0.0,7.0,0.0,41.573666669999994
2016-08-15,2016,8,Aug,3,33,Daily,5.0,2.33,2.0,21.0,11.0,0.0,0.0,2.0,43.33
2016-08-16,2016,8,Aug,3,33,Daily,10.0,4.66,3.0,14.45,4.0,0.0,11.0,3.5,50.61
2016-08-17,2016,8,Aug,3,33,Daily,8.66,2.01,4.0,9.5,7.0,0.0,5.0,5.0,41.17
2016-08-18,2016,8,Aug,3,33,Daily,6.99,3.363,4.0,25.6,7.0,0.0,0.0,1.0,47.953
2016-08-19,2016,8,Aug,3,33,Daily,1.0,4.33,0.6,27.0,12.0,0.0,0.0,4.0,48.93
2016-08-20,2016,8,Aug,3,33,Daily,4.33,2.99,6.0,26.2,1.0,0.0,0.0,6.0,46.519999999999996
2016-08-21,2016,8,Aug,3,33,Daily,8.0,3.627,7.4,39.0,3.0,4.0,1.0,1.0,67.027
2016-08-22,2016,8,Aug,3,34,Daily,3.34,3.386,0.0,23.2,3.0,0.0,0.0,6.0,38.926
2016-08-23,2016,8,Aug,3,34,Daily,3.0,3.066,4.0,14.7,7.0,1.0,0.0,1.2,33.966
2016-08-24,2016,8,Aug,3,34,Daily,9.33,3.487,8.0,11.3,2.0,0.0,0.0,3.0,37.117000000000004
2016-08-25,2016,8,Aug,3,34,Daily,4.33,2.67,8.0,19.4,4.0,1.0,4.0,5.0,48.4
2016-08-26,2016,8,Aug,3,34,Daily,4.0,2.023,2.0,20.7,3.0,0.0,0.0,0.0,31.723
2016-08-27,2016,8,Aug,3,34,Daily,8.83,1.736,1.0,17.51666667,2.0,0.0,11.0,0.0,42.08266667
2016-08-28,2016,8,Aug,3,34,Daily,7.33,7.02,6.2,37.0,3.0,0.0,6.0,2.0,68.55
2016-08-29,2016,8,Aug,3,35,Daily,9.0,0.67,2.0,14.2,4.0,0.0,1.0,1.3,32.169999999999995
2016-08-30,2016,8,Aug,3,35,Daily,4.66,1.32,2.0,8.9,4.0,0.0,1.0,0.0,21.880000000000003
2016-08-31,2016,8,Aug,3,35,Daily,6.0,5.827,5.0,23.2,3.0,0.0,1.0,5.0,49.027
2016-09-01,2016,9,Sep,3,35,Daily,5.0,3.66,5.0,31.4,2.0,0.0,0.0,3.0,50.06
2016-09-02,2016,9,Sep,3,35,Daily,9.34,4.02,5.0,10.0,25.0,0.0,5.0,2.0,60.36
2016-09-03,2016,9,Sep,3,35,Daily,5.33,4.025,6.5,54.2,5.0,0.0,4.0,4.0,83.055
2016-09-04,2016,9,Sep,3,35,Daily,8.33,4.396,0.0,30.9,10.0,0.0,4.0,5.0,62.626
2016-09-05,2016,9,Sep,3,36,Daily,3.32,4.396,2.0,34.3,8.0,2.0,2.0,4.0,60.016
2016-09-06,2016,9,Sep,3,36,Daily,5.0,1.33,1.0,32.8,14.0,3.0,0.0,3.0,60.129999999999995
2016-09-07,2016,9,Sep,3,36,Daily,2.33,2.19,3.0,37.6,14.0,0.0,0.0,3.0,62.120000000000005
2016-09-08,2016,9,Sep,3,36,Daily,6.0,2.99,4.0,33.0,8.0,1.0,0.0,0.0,54.99
2016-09-09,2016,9,Sep,3,36,Daily,4.99,3.99,3.25,26.124,11.0,2.0,10.0,3.0,64.354
2016-09-10,2016,9,Sep,3,36,Daily,8.33,11.31,10.0,34.0,9.0,0.0,4.0,3.0,79.64
2016-09-11,2016,9,Sep,3,36,Daily,2.66,6.99,7.1,57.2,8.0,0.0,10.0,4.0,95.95
2016-09-12,2016,9,Sep,3,37,Daily,7.0,6.0,4.0,24.0,10.0,0.0,8.0,4.0,63.0
2016-09-13,2016,9,Sep,3,37,Daily,7.0,5.759,4.0,32.0,13.0,0.0,2.0,0.0,63.759
2016-09-14,2016,9,Sep,3,37,Daily,6.0,3.792,2.5,24.4,7.0,0.0,8.0,2.0,53.692
2016-09-15,2016,9,Sep,3,37,Daily,3.0,6.628,2.0,38.0,31.0,0.0,3.0,1.0,84.628
2016-09-16,2016,9,Sep,3,37,Daily,2.0,1.33,4.0,26.3,17.0,0.0,3.0,0.0,53.63
2016-09-17,2016,9,Sep,3,37,Daily,6.67,3.693,2.4,56.0,11.0,0.0,5.0,4.1,88.863
2016-09-18,2016,9,Sep,3,37,Daily,5.99,7.32,2.0,24.45,4.0,0.0,8.0,1.0,52.76
2016-09-19,2016,9,Sep,3,38,Daily,4.0,3.396,2.15,31.0,11.0,2.0,0.0,1.0,54.546
2016-09-20,2016,9,Sep,3,38,Daily,4.67,2.792,3.0,33.4,14.0,0.0,4.0,1.0,62.861999999999995
2016-09-21,2016,9,Sep,3,38,Daily,8.34,4.31,3.05,19.7,12.0,0.0,3.0,2.0,52.4
2016-09-22,2016,9,Sep,3,38,Daily,6.33,2.33,2.1,29.4,6.0,0.0,4.0,3.0,53.16
2016-09-23,2016,9,Sep,3,38,Daily,2.33,6.99,6.0,28.4,13.0,3.0,7.0,1.0,67.72
2016-09-24,2016,9,Sep,3,38,Daily,2.0,3.779,6.2,61.2,8.0,0.0,1.0,1.0,83.179
2016-09-25,2016,9,Sep,3,38,Daily,6.0,4.33,3.0,61.125,3.0,0.0,10.0,2.0,89.455
2016-09-26,2016,9,Sep,3,39,Daily,5.99,1.0,4.0,57.6,4.0,2.0,4.0,1.0,79.59
2016-09-27,2016,9,Sep,3,39,Daily,7.0,4.67,7.4,51.7,17.0,3.0,1.0,3.0,94.77000000000001
2016-09-28,2016,9,Sep,3,39,Daily,13.68,1.802,5.45,64.5,3.0,0.0,0.0,4.0,92.432
2016-09-29,2016,9,Sep,3,39,Daily,7.33,2.0,4.0,50.6,4.0,0.0,1.0,1.2,70.13000000000001
2016-09-30,2016,9,Sep,3,39,Daily,7.0,5.0,2.6,23.4,5.0,0.0,10.0,3.0,56.0
2016-10-01,2016,10,Oct,4,39,Daily,7.33,7.65,1.2,54.038,5.0,0.0,4.0,2.0,81.21799999999999
2016-10-02,2016,10,Oct,4,39,Daily,17.0,4.056,9.7,80.5,6.0,0.0,18.0,3.0,138.256
2016-10-03,2016,10,Oct,4,40,Daily,3.33,5.33,3.0,59.662,2.0,2.0,17.0,3.0,95.322
2016-10-04,2016,10,Oct,4,40,Daily,6.33,2.99,6.0,47.6,8.0,0.0,10.0,2.5,83.42
2016-10-05,2016,10,Oct,4,40,Daily,4.0,4.0,4.0,78.2,8.0,0.0,1.0,1.0,100.2
2016-10-06,2016,10,Oct,4,40,Daily,4.33,3.99,6.0,44.0,4.0,0.0,3.0,0.0,65.32
2016-10-07,2016,10,Oct,4,40,Daily,4.34,4.297,6.0,47.625,4.0,0.0,0.0,1.0,67.262
2016-10-08,2016,10,Oct,4,40,Daily,7.34,6.33,5.0,52.7,2.0,0.0,6.0,5.0,84.37
2016-10-09,2016,10,Oct,4,40,Daily,6.68,5.02,5.5,88.4,2.0,0.0,9.0,1.0,117.60000000000001
2016-10-10,2016,10,Oct,4,41,Daily,2.0,5.066,5.0,31.6,1.0,0.0,3.0,1.0,48.666
2016-10-11,2016,10,Oct,4,41,Daily,7.33,2.406,11.65,52.6,54.83333333,1.0,8.0,1.0,138.81933333
2016-10-12,2016,10,Oct,4,41,Daily,8.33,2.373,2.0,45.75,18.0,1.0,17.0,2.0,96.453
2016-10-13,2016,10,Oct,4,41,Daily,4.66,4.33,3.2,42.2,20.0,0.0,3.0,2.3,79.69
2016-10-14,2016,10,Oct,4,41,Daily,7.0,4.0,3.0,38.7,22.0,0.0,9.0,1.0,84.7
2016-10-15,2016,10,Oct,4,41,Daily,4.0,5.97,3.35,47.2,16.0,1.0,13.0,1.0,91.52000000000001
2016-10-16,2016,10,Oct,4,41,Daily,8.33,5.122,10.0,89.3,3.0,0.0,6.0,5.0,126.752
2016-10-17,2016,10,Oct,4,42,Daily,2.0,5.0,5.0,50.8,1.0,0.0,9.0,1.0,73.8
2016-10-18,2016,10,Oct,4,42,Daily,3.0,5.056,9.0,42.1,9.0,3.0,7.0,3.1,81.256
2016-10-19,2016,10,Oct,4,42,Daily,4.33,6.66,5.0,26.7,11.0,0.0,2.0,1.0,56.69
2016-10-20,2016,10,Oct,4,42,Daily,1.64,5.66,6.0,52.5,2.0,0.0,2.0,2.0,71.8
2016-10-21,2016,10,Oct,4,42,Daily,8.66,3.825,0.0,40.8,5.0,0.0,6.0,2.0,66.285
2016-10-22,2016,10,Oct,4,42,Daily,7.0,2.67,4.0,29.7,3.0,0.0,10.0,4.0,60.37
2016-10-23,2016,10,Oct,4,42,Daily,12.33,5.78,3.8,51.21666667,10.0,0.0,11.0,2.0,96.12666667
2016-10-24,2016,10,Oct,4,43,Daily,2.66,3.023,7.5,37.0,1.0,1.0,2.0,1.0,55.183
2016-10-25,2016,10,Oct,4,43,Daily,4.33,4.572,5.4,62.4,10.0,0.0,7.0,0.0,93.702
2016-10-26,2016,10,Oct,4,43,Daily,2.33,2.397,6.0,28.4,10.0,0.0,2.0,1.0,52.126999999999995
2016-10-27,2016,10,Oct,4,43,Daily,6.5,2.023,3.0,32.2,10.0,2.0,4.0,0.0,59.723
2016-10-28,2016,10,Oct,4,43,Daily,7.0,3.78,6.0,34.4,9.0,0.0,5.0,0.0,65.18
2016-10-29,2016,10,Oct,4,43,Daily,15.33,4.54,6.1,78.5,23.0,0.0,9.0,5.0,141.47
2016-10-30,2016,10,Oct,4,43,Daily,4.66,10.32,5.75,73.1,5.0,0.0,0.0,2.0,100.83
2016-10-31,2016,10,Oct,4,44,Daily,2.66,3.82,3.0,43.8,6.0,0.0,17.0,5.0,81.28
2016-11-01,2016,11,Nov,4,44,Daily,2.33,1.703,4.0,25.9,18.0,0.0,6.0,3.0,60.933
2016-11-02,2016,11,Nov,4,44,Daily,4.0,3.703,4.1,42.2,1.0,0.0,2.0,3.0,60.003
2016-11-03,2016,11,Nov,4,44,Daily,2.0,1.0,3.0,42.5,3.0,0.0,0.0,1.0,52.5
2016-11-04,2016,11,Nov,4,44,Daily,8.33,4.373,3.6,24.3,14.0,1.0,6.0,4.2,65.803
2016-11-05,2016,11,Nov,4,44,Daily,7.666666667,3.02,5.8,35.4,9.0,0.0,0.0,2.0,62.886666667
2016-11-06,2016,11,Nov,4,44,Daily,8.0,4.34,3.0,42.45,3.0,2.0,11.0,5.0,78.79
2016-11-07,2016,11,Nov,4,45,Daily,5.0,2.726,6.3,35.0,9.0,0.0,5.0,1.0,64.026
2016-11-08,2016,11,Nov,4,45,Daily,7.0,2.35,8.0,20.0,19.16666667,2.0,8.0,3.0,69.51666667
2016-11-09,2016,11,Nov,4,45,Daily,2.34,5.66,1.4,25.0,18.0,0.0,4.0,0.0,56.4
2016-11-10,2016,11,Nov,4,45,Daily,7.33,6.33,7.0,31.1,5.0,2.0,12.0,3.4,74.16000000000001
2016-11-11,2016,11,Nov,4,45,Daily,10.66,1.759,4.0,33.0,6.0,0.0,1.0,1.0,57.419
2016-11-12,2016,11,Nov,4,45,Daily,8.0,3.825,7.0,56.5,10.0,0.0,1.0,1.2,87.525
2016-11-13,2016,11,Nov,4,45,Daily,6.0,11.32,3.6,60.2,0.0,0.0,5.0,1.0,87.12
2016-11-14,2016,11,Nov,4,46,Daily,10.0,4.726,3.8,50.5,5.0,3.0,1.0,1.0,79.026
2016-11-15,2016,11,Nov,4,46,Daily,5.33,0.33,4.0,30.1,27.0,5.0,5.0,1.0,77.76
2016-11-16,2016,11,Nov,4,46,Daily,4.0,3.167,4.0,38.912,5.0,0.0,10.0,1.0,66.07900000000001
2016-11-17,2016,11,Nov,4,46,Daily,5.0,2.726,5.7,41.4,0.0,0.0,1.0,1.4,57.226
2016-11-18,2016,11,Nov,4,46,Daily,1.33,4.33,6.25,31.0,7.0,1.0,2.0,2.0,54.91
2016-11-19,2016,11,Nov,4,46,Daily,5.0,2.7,4.0,35.4,3.0,0.0,3.0,2.0,55.099999999999994
2016-11-20,2016,11,Nov,4,46,Daily,7.0,4.34,5.0,25.5,3.0,0.0,0.0,2.0,46.84
2016-11-21,2016,11,Nov,4,47,Daily,1.34,3.34,5.25,30.0,1.0,0.0,13.0,3.0,56.93
2016-11-22,2016,11,Nov,4,47,Daily,4.01,4.703,1.1,23.0,3.0,2.0,7.0,2.0,46.813
2016-11-23,2016,11,Nov,4,47,Daily,3.0,4.33,3.7,44.124,5.0,0.0,0.0,1.0,61.154
2016-11-24,2016,11,Nov,4,47,Daily,8.67,4.333,6.0,28.0,2.0,0.0,10.0,3.0,62.003
2016-11-25,2016,11,Nov,4,47,Daily,7.34,5.0,7.0,21.0,20.0,4.0,5.0,1.0,70.34
2016-11-26,2016,11,Nov,4,47,Daily,3.33,5.0,4.0,36.0,9.0,3.0,12.0,2.0,74.33
2016-11-27,2016,11,Nov,4,47,Daily,9.33,5.693,3.9,61.0,5.0,0.0,1.0,0.0,85.923
2016-11-28,2016,11,Nov,4,48,Daily,4.5,1.363,2.05,23.0,5.0,0.0,12.0,0.0,47.913
2016-11-29,2016,11,Nov,4,48,Daily,5.68,5.67,3.0,45.6,6.0,2.0,0.0,0.0,67.95
2016-11-30,2016,11,Nov,4,48,Daily,3.33,2.99,4.3,24.6,13.0,0.0,7.0,0.0,55.22
2016-12-01,2016,12,Dec,4,48,Daily,4.5,2.363,1.5,55.662,8.0,0.0,9.0,0.0,81.025
2016-12-02,2016,12,Dec,4,48,Daily,6.0,1.076,3.2,43.0,14.0,0.0,26.0,0.2,93.476
2016-12-03,2016,12,Dec,4,48,Daily,3.17,2.68,3.0,43.3,2.0,0.0,1.0,4.0,59.15
2016-12-04,2016,12,Dec,4,48,Daily,7.0,9.123,2.9,67.0,4.0,0.0,0.0,0.0,90.023
2016-12-05,2016,12,Dec,4,49,Daily,9.5,1.68,4.0,23.0,6.0,1.0,13.0,2.0,60.18
2016-12-06,2016,12,Dec,4,49,Daily,6.0,5.09,4.4,27.2,4.0,0.0,20.0,1.0,67.69
2016-12-07,2016,12,Dec,4,49,Daily,4.34,2.726,1.7,47.0,8.0,3.0,7.0,3.0,76.76599999999999
2016-12-08,2016,12,Dec,4,49,Daily,5.67,1.67,5.0,35.7,9.0,0.0,2.0,0.0,59.040000000000006
2016-12-09,2016,12,Dec,4,49,Daily,5.66,1.67,4.0,35.062,2.0,0.0,0.0,2.0,50.391999999999996
2016-12-10,2016,12,Dec,4,49,Daily,7.34,6.33,10.1,45.4,1.0,0.0,15.0,2.0,87.17
2016-12-11,2016,12,Dec,4,49,Daily,3.34,4.726,8.55,62.062,7.0,0.0,14.0,1.0,100.678
2016-12-12,2016,12,Dec,4,50,Daily,3.66,2.429,3.1,44.5,28.33333333,3.0,21.0,4.0,110.02233333
2016-12-13,2016,12,Dec,4,50,Daily,1.0,4.0,5.1,43.6,0.0,0.0,18.0,0.0,71.7
2016-12-14,2016,12,Dec,4,50,Daily,5.83,3.78,5.65,32.2,21.0,0.0,10.0,1.2,79.66000000000001
2016-12-15,2016,12,Dec,4,50,Daily,9.66,3.33,1.0,22.8,8.0,0.0,5.0,1.0,50.79
2016-12-16,2016,12,Dec,4,50,Daily,7.33,6.32,2.2,39.775,8.0,3.0,23.0,1.0,90.625
2016-12-17,2016,12,Dec,4,50,Daily,5.99,2.66,4.15,59.95,10.0,0.0,6.0,1.0,89.75
2016-12-18,2016,12,Dec,4,50,Daily,1.67,5.02,4.2,60.7,13.0,0.0,5.0,1.0,90.59
2016-12-19,2016,12,Dec,4,51,Daily,0.0,0.0,0.0,0.0,0.0,0.0,0.0,0.0,0.0
2016-12-20,2016,12,Dec,4,51,Daily,6.33,3.66,4.0,46.0,12.0,2.0,1.0,0.0,74.99000000000001
2016-12-21,2016,12,Dec,4,51,Daily,1.34,2.812,0.25,37.0,5.0,0.0,6.0,2.5,54.902
2016-12-22,2016,12,Dec,4,51,Daily,4.34,4.165,3.8,38.4,1.0,0.0,5.0,0.0,56.705
2016-12-23,2016,12,Dec,4,51,Daily,5.33,4.67,1.15,32.0,6.0,0.0,8.0,2.0,59.15
2016-12-24,2016,12,Dec,4,51,Daily,6.33,6.7,4.2,82.0,4.0,1.0,2.0,1.0,107.23
2016-12-25,2016,12,Dec,4,51,Daily,2.33,7.627,5.7,79.8,0.0,0.0,9.0,1.0,105.457
2016-12-26,2016,12,Dec,4,52,Daily,10.33,4.66,2.0,58.924,6.0,0.0,2.0,2.0,85.914
2016-12-27,2016,12,Dec,4,52,Daily,6.0,5.0,0.416666667,54.2,8.0,2.0,13.0,0.0,88.616666667
2016-12-28,2016,12,Dec,4,52,Daily,4.34,6.33,6.45,57.2,7.0,0.0,13.0,0.0,94.32000000000001
2016-12-29,2016,12,Dec,4,52,Daily,11.0,6.01,6.35,81.2,4.0,3.0,6.0,2.0,119.56
2016-12-30,2016,12,Dec,4,52,Daily,5.66,8.99,7.3,161.0,13.0,0.0,3.0,0.0,198.95
2016-12-31,2016,12,Dec,4,52,Daily,8.33,7.759,7.45,108.7,7.0,0.0,12.0,0.0,151.239
2017-01-01,2017,1,Jan,1,52,Daily,3.54375,3.95625,1.5625,25.675,8.75,1.875,6.25,0.625,52.2375
2017-01-02,2017,1,Jan,1,1,Daily,0.2125,0.6375,0.625,32.0,0.0,0.625,3.125,3.125,40.35
2017-01-03,2017,1,Jan,1,1,Daily,6.25,5.83125,4.625,66.8125,8.75,0.0,7.03125,1.875,101.175
2017-01-04,2017,1,Jan,1,1,Daily,6.804166667,5.970833333,6.416666667,56.76666667,10.0,1.25,5.0,2.916666667,95.125000004
2017-01-05,2017,1,Jan,1,1,Daily,7.504166667,7.879166667,5.208333333,62.20833333,14.58333333,0.0,11.25,2.5,111.133333327
2017-01-06,2017,1,Jan,1,1,Daily,4.583333333,3.05,5.625,65.5625,10.83333333,0.0,15.41666667,2.5,107.570833333
2017-01-07,2017,1,Jan,1,1,Daily,2.916666667,5.154166667,5.958333333,34.625,8.75,0.0,2.5,0.0,59.904166667
2017-01-08,2017,1,Jan,1,1,Daily,5.416666667,1.859583333,5.083333333,25.375,10.0,2.083333333,3.333333333,1.666666667,54.817916666
2017-01-09,2017,1,Jan,1,2,Daily,3.8875,4.057083333,2.583333333,56.125,9.166666667,0.416666667,1.666666667,2.083333333,79.98625
2017-01-10,2017,1,Jan,1,2,Daily,6.3875,4.73875,13.29166667,54.25,25.0,1.666666667,7.5,0.833333333,113.66791667
2017-01-11,2017,1,Jan,1,2,Daily,9.308333333,5.501666667,9.166666667,51.04166667,20.0,1.25,1.666666667,2.916666667,100.851666671
2017-01-12,2017,1,Jan,1,2,Daily,8.333333333,5.196666667,8.75,65.9375,14.16666667,1.25,4.583333333,1.666666667,109.88416667
2017-01-13,2017,1,Jan,1,2,Daily,6.804166667,3.891666667,9.541666667,54.41666667,19.58333333,0.0,3.333333333,1.333333333,98.904166667
2017-01-14,2017,1,Jan,1,2,Daily,5.975,4.364583333,7.708333333,47.91666667,16.66666667,0.833333333,5.416666667,2.083333333,90.964583339
2017-01-15,2017,1,Jan,1,2,Daily,8.05,6.525,9.083333333,38.79166667,15.41666667,0.0,7.5,1.25,86.616666673
2017-01-16,2017,1,Jan,1,3,Daily,6.670833333,4.029166667,8.041666667,63.5625,12.5,0.416666667,7.083333333,2.083333333,104.3875
2017-01-17,2017,1,Jan,1,3,Daily,7.225,4.139166667,5.291666667,48.45833333,13.33333333,1.666666667,3.75,2.5,86.36416666100001
2017-01-18,2017,1,Jan,1,3,Daily,6.741666667,4.445833333,6.5,45.95833333,16.66666667,1.25,5.833333333,0.833333333,88.229166666
2017-01-19,2017,1,Jan,1,3,Daily,5.0,5.7,7.833333333,37.75,15.83333333,0.0,2.5,3.333333333,77.949999996
2017-01-20,2017,1,Jan,1,3,Daily,3.608333333,4.73875,4.125,37.625,23.33333333,2.916666667,12.5,2.5,91.34708333
2017-01-21,2017,1,Jan,1,3,Daily,5.695833333,2.4,4.583333333,50.20833333,15.0,2.083333333,4.583333333,2.916666667,87.470833329
2017-01-22,2017,1,Jan,1,3,Daily,4.5125,5.0075,5.125,37.02083333,19.16666667,1.25,9.166666667,1.666666667,82.915833334
2017-01-23,2017,1,Jan,1,4,Daily,5.1375,4.505,6.291666667,41.75,15.83333333,0.833333333,2.5,1.666666667,78.517499997
2017-01-24,2017,1,Jan,1,4,Daily,6.1125,5.770833333,10.95833333,40.08333333,11.25,0.0,10.0,2.916666667,87.09166666
2017-01-25,2017,1,Jan,1,4,Daily,7.779166667,5.108333333,7.666666667,51.1875,18.75,2.083333333,13.75,2.291666667,108.616666667
2017-01-26,2017,1,Jan,1,4,Daily,5.979166667,5.224583333,7.041666667,36.625,13.75,0.833333333,8.333333333,0.0,77.787083333
2017-01-27,2017,1,Jan,1,4,Daily,7.85,7.54125,5.166666667,42.60916667,21.25,2.083333333,9.583333333,1.25,97.333750003
2017-01-28,2017,1,Jan,1,4,Daily,5.970833333,6.1125,2.25,32.08333333,9.166666667,0.0,1.666666667,1.25,58.499999997
2017-01-29,2017,1,Jan,1,4,Daily,5.141666667,7.783333333,5.333333333,54.16666667,15.83333333,2.5,9.583333333,3.333333333,103.674999999
2017-01-30,2017,1,Jan,1,5,Daily,8.058333333,5.61625,7.0,35.5175,17.08333333,4.166666667,7.083333333,4.166666667,88.69208333
2017-01-31,2017,1,Jan,1,5,Daily,4.441666667,4.254583333,2.833333333,47.25,13.33333333,0.833333333,2.916666667,1.666666667,77.52958333
2017-02-01,2017,2,Feb,1,5,Daily,7.375,5.188333333,6.041666667,31.625,10.83333333,0.416666667,8.333333333,2.083333333,71.896666663
2017-02-02,2017,2,Feb,1,5,Daily,8.195833333,6.211666667,6.416666667,42.29166667,9.166666667,0.416666667,0.416666667,0.833333333,73.949166671
2017-02-03,2017,2,Feb,1,5,Daily,7.6375,6.255416667,9.0,42.90083333,15.83333333,2.5,7.083333333,0.833333333,92.04374999299999
2017-02-04,2017,2,Feb,1,5,Daily,7.779166667,4.166666667,4.416666667,27.70833333,12.08333333,0.833333333,7.5,3.75,68.237499994
2017-02-05,2017,2,Feb,1,5,Daily,10.67,10.725,5.0,38.6,1.0,0.0,11.0,1.1,78.095
2017-02-06,2017,2,Feb,1,6,Daily,10.0,5.0,4.4,13.0,3.0,2.0,5.0,0.0,42.4
2017-02-07,2017,2,Feb,1,6,Daily,3.0,0.33,3.5,13.8,3.0,0.0,7.0,2.0,32.63
2017-02-08,2017,2,Feb,1,6,Daily,11.0,1.67,4.0,36.0,7.0,0.0,10.0,2.0,71.67
2017-02-09,2017,2,Feb,1,6,Daily,3.9825,1.76,4.0,20.4,6.0,0.0,0.0,1.0,37.1425
2017-02-10,2017,2,Feb,1,6,Daily,4.01,3.34,4.75,23.2,5.0,0.0,2.0,0.0,42.3
2017-02-11,2017,2,Feb,1,6,Daily,5.33,6.32,5.1,12.4,11.0,1.0,1.0,3.0,45.15
2017-02-12,2017,2,Feb,1,6,Daily,10.0,10.67,7.8,27.4,4.0,0.0,2.0,1.0,62.870000000000005
2017-02-13,2017,2,Feb,1,7,Daily,0.0,0.0,0.0,0.0,0.0,0.0,0.0,0.0,0.0
2017-02-14,2017,2,Feb,1,7,Daily,4.33,5.0,2.1,22.0,0.0,0.0,1.0,1.0,35.43
2017-02-15,2017,2,Feb,1,7,Daily,6.0,2.67,2.0,19.2,1.0,0.0,1.0,1.0,32.87
2017-02-16,2017,2,Feb,1,7,Daily,3.66,4.66,1.0,31.6,2.0,0.0,0.0,3.0,45.92
2017-02-17,2017,2,Feb,1,7,Daily,3.0,2.802,2.1,12.25,4.0,0.0,8.0,1.2,33.352000000000004
2017-02-18,2017,2,Feb,1,7,Daily,7.0,4.0,2.35,30.0,10.0,0.0,0.0,3.1,56.45
2017-02-19,2017,2,Feb,1,7,Daily,3.34,3.516,2.2,13.0,1.0,0.0,8.0,1.0,32.056
2017-02-20,2017,2,Feb,1,8,Daily,5.0,3.76,4.5,33.1,2.0,0.0,1.0,3.0,52.36
2017-02-21,2017,2,Feb,1,8,Daily,5.0,4.155,4.0,22.9,14.0,0.0,8.0,1.0,59.055
2017-02-22,2017,2,Feb,1,8,Daily,3.67,2.429,7.2,21.1,9.0,0.0,5.0,0.0,48.399
2017-02-23,2017,2,Feb,1,8,Daily,6.67,5.67,4.05,24.1,5.0,1.0,8.0,2.0,56.49
2017-02-24,2017,2,Feb,1,8,Daily,1.0,4.67,4.0,29.8,10.0,1.0,7.0,1.0,58.47
2017-02-25,2017,2,Feb,1,8,Daily,6.0,6.34,5.25,24.0,6.875,0.0,2.0,0.0,50.465
2017-02-26,2017,2,Feb,1,8,Daily,5.33,5.33,3.2,15.7,3.0,0.0,5.0,1.2,38.760000000000005
2017-02-27,2017,2,Feb,1,9,Daily,5.67,3.68,7.0,16.4,14.0,0.0,7.0,2.0,55.75
2017-02-28,2017,2,Feb,1,9,Daily,5.34,5.02,7.5,26.4,9.0,2.0,18.0,0.0,73.25999999999999
2017-03-01,2017,3,Mar,1,9,Daily,4.0,4.66,5.0,15.1,17.0,0.0,5.0,2.0,52.76
2017-03-02,2017,3,Mar,1,9,Daily,5.0,7.13,3.0,13.0,1.0,1.0,1.0,2.0,33.129999999999995
2017-03-03,2017,3,Mar,1,9,Daily,9.0,2.99,4.0,12.9,9.0,1.0,6.0,4.0,48.89
2017-03-04,2017,3,Mar,1,9,Daily,5.01,3.67,3.1,17.0,0.0,0.0,5.0,4.5,38.28
2017-03-05,2017,3,Mar,1,9,Daily,12.33,4.33,5.0,33.9,3.0,0.0,6.0,5.0,69.56
2017-03-06,2017,3,Mar,1,10,Daily,6.83,2.33,1.1,19.6,1.0,0.0,0.0,3.0,33.86
2017-03-07,2017,3,Mar,1,10,Daily,2.34,5.33,6.5,15.0,4.0,0.0,0.0,2.0,35.17
2017-03-08,2017,3,Mar,1,10,Daily,1.0,2.34,0.0,15.2,4.0,0.0,0.0,3.0,25.54
2017-03-09,2017,3,Mar,1,10,Daily,11.33,2.33,6.0,26.9,6.0,1.0,0.0,2.5,56.06
2017-03-10,2017,3,Mar,1,10,Daily,2.0,4.33,4.6,26.3,8.0,1.0,0.0,1.0,47.230000000000004
2017-03-11,2017,3,Mar,1,10,Daily,6.33,4.066,6.0,20.1,2.0,1.0,5.0,3.5,47.996
2017-03-12,2017,3,Mar,1,10,Daily,7.68,7.01,2.0,48.0,6.0,4.0,15.0,2.0,91.69
2017-03-13,2017,3,Mar,1,11,Daily,2.33,0.68,2.7,17.8,2.0,0.0,10.0,0.0,35.510000000000005
2017-03-14,2017,3,Mar,1,11,Daily,2.67,1.34,3.0,15.0,5.0,0.0,5.0,1.0,33.01
2017-03-15,2017,3,Mar,1,11,Daily,3.66,1.703,2.5,14.6,4.0,0.0,0.0,0.0,26.463
2017-03-16,2017,3,Mar,1,11,Daily,6.0,4.056,4.75,28.2,4.0,0.0,1.0,3.0,51.006
2017-03-17,2017,3,Mar,1,11,Daily,4.33,2.802,0.0,11.0,14.0,0.0,3.0,3.0,38.132
2017-03-18,2017,3,Mar,1,11,Daily,5.0,4.38,4.25,20.4,3.0,0.0,1.0,1.0,39.03
2017-03-19,2017,3,Mar,1,11,Daily,10.0,3.693,2.0,39.1,3.0,0.0,5.0,3.0,65.793
2017-03-20,2017,3,Mar,1,12,Daily,1.66,6.683,4.7,16.1,3.0,0.0,7.0,3.0,42.143
2017-03-21,2017,3,Mar,1,12,Daily,9.16,2.03,2.2,12.6,4.0,0.0,1.0,5.3,36.29
2017-03-22,2017,3,Mar,1,12,Daily,1.66,5.023,2.0,16.4,7.0,0.0,2.0,2.0,36.083
2017-03-23,2017,3,Mar,1,12,Daily,7.34,2.133,1.0,13.3,8.0,0.0,6.0,3.5,41.272999999999996
2017-03-24,2017,3,Mar,1,12,Daily,1.67,3.0,4.5,12.3,7.0,0.0,5.0,6.3,39.769999999999996
2017-03-25,2017,3,Mar,1,12,Daily,10.0,5.49,1.0,33.3,3.0,0.0,0.0,4.0,56.79
2017-03-26,2017,3,Mar,1,12,Daily,5.34,5.36,3.45,18.0,4.0,0.0,10.0,8.0,54.15
2017-03-27,2017,3,Mar,1,13,Daily,4.84,3.463,3.5,14.8,5.0,0.0,1.0,4.0,36.603
2017-03-28,2017,3,Mar,1,13,Daily,2.67,2.67,7.0,22.0,14.0,0.0,0.0,6.0,54.34
2017-03-29,2017,3,Mar,1,13,Daily,6.34,1.34,4.0,12.9,3.0,0.0,7.0,4.5,39.08
2017-03-30,2017,3,Mar,1,13,Daily,1.33,2.693,5.0,9.5,9.0,0.0,0.0,2.0,29.523
2017-03-31,2017,3,Mar,1,13,Daily,4.0,2.0,3.5,22.2,2.0,0.0,2.0,6.0,41.7
2017-04-01,2017,4,Apr,2,13,Daily,2.33,2.0,2.0,34.0,2.0,0.0,1.0,3.0,46.33
2017-04-02,2017,4,Apr,2,13,Daily,6.67,4.223,4.0,23.0,4.0,0.0,9.0,12.4,63.293
2017-04-03,2017,4,Apr,2,14,Daily,6.33,1.0,5.6,25.6,8.0,0.0,20.0,3.0,69.53
2017-04-04,2017,4,Apr,2,14,Daily,0.33,1.033,2.2,8.0,2.0,0.0,5.0,5.5,24.063000000000002
2017-04-05,2017,4,Apr,2,14,Daily,5.0,0.231,0.2,13.6,9.0,2.0,6.0,1.0,37.031
2017-04-06,2017,4,Apr,2,14,Daily,5.0,0.66,3.1,10.9,4.0,1.0,0.0,1.0,25.66
2017-04-07,2017,4,Apr,2,14,Daily,3.5,4.0,2.0,16.0,5.0,0.0,5.0,5.0,40.5
2017-04-08,2017,4,Apr,2,14,Daily,7.51,8.759,2.05,23.0,3.0,0.0,11.0,6.0,61.319
2017-04-09,2017,4,Apr,2,14,Daily,4.99,5.34,8.25,22.0,3.0,0.0,0.0,1.0,44.58
2017-04-10,2017,4,Apr,2,15,Daily,8.66,1.363,1.05,27.5,1.0,0.0,4.0,4.0,47.573
2017-04-11,2017,4,Apr,2,15,Daily,4.0,2.33,3.0,17.0,5.0,0.0,11.0,1.0,43.33
2017-04-12,2017,4,Apr,2,15,Daily,11.99,3.32,3.35,11.0,10.0,2.0,10.0,4.0,55.66
2017-04-13,2017,4,Apr,2,15,Daily,5.0,2.439,2.0,30.9,1.0,0.0,2.0,5.0,48.339
2017-04-14,2017,4,Apr,2,15,Daily,7.34,4.98,5.0,13.0,3.0,0.0,16.0,4.0,53.32
2017-04-15,2017,4,Apr,2,15,Daily,11.67,1.472,4.0,27.25,1.0,0.0,15.0,5.2,65.592
2017-04-16,2017,4,Apr,2,15,Daily,0.0,0.0,0.0,0.0,0.0,0.0,0.0,0.0,0.0
2017-04-17,2017,4,Apr,2,16,Daily,4.0,3.99,1.9,18.4,1.0,0.0,5.0,1.0,35.29
2017-04-18,2017,4,Apr,2,16,Daily,7.33,4.67,6.3,15.4,8.0,1.0,2.0,2.0,46.7
2017-04-19,2017,4,Apr,2,16,Daily,1.0,3.406,5.0,14.0,2.0,0.0,0.0,1.0,26.406
2017-04-20,2017,4,Apr,2,16,Daily,4.66,2.33,5.0,9.4,10.0,0.0,7.0,2.0,40.39
2017-04-21,2017,4,Apr,2,16,Daily,3.67,2.34,2.4,29.0,3.0,0.0,1.875,3.0,45.285
2017-04-22,2017,4,Apr,2,16,Daily,2.64,4.66,2.8,19.0,7.0,1.0,1.0,2.0,40.1
2017-04-23,2017,4,Apr,2,16,Daily,9.0,5.416,3.6,25.5,7.0,0.0,1.0,5.0,56.516000000000005
2017-04-24,2017,4,Apr,2,17,Daily,9.33,3.81,8.0,13.15,9.0,0.0,1.0,5.0,49.29
2017-04-25,2017,4,Apr,2,17,Daily,8.0,2.99,2.2,24.0,4.0,0.0,26.0,5.0,72.19
2017-04-26,2017,4,Apr,2,17,Daily,3.0,4.0,3.5,10.2,3.0,0.0,1.0,8.3,33.0
2017-04-27,2017,4,Apr,2,17,Daily,3.33,3.737,2.3,11.0,10.0,1.0,0.0,10.0,41.367000000000004
2017-04-28,2017,4,Apr,2,17,Daily,3.33,3.67,5.1,15.4,2.0,0.0,7.0,7.0,43.5
2017-04-29,2017,4,Apr,2,17,Daily,5.0,9.0,2.3,15.0,3.0,1.0,1.0,8.0,44.3
2017-04-30,2017,4,Apr,2,17,Daily,1.0,4.046,2.3,18.0,2.0,0.0,12.0,2.0,41.346000000000004
2017-05-01,2017,5,May,2,18,Daily,0.34,1.0,1.0,1.2,0.0,0.0,0.0,1.0,4.54
2017-05-02,2017,5,May,2,18,Daily,2.0,6.033,1.0,23.0,5.0,0.0,6.0,5.0,48.033
2017-05-03,2017,5,May,2,18,Daily,1.33,3.34,6.0,18.2,6.0,0.0,20.0,2.0,56.87
2017-05-04,2017,5,May,2,18,Daily,5.67,5.66,1.0,11.6,4.0,0.0,2.0,4.1,34.03
2017-05-05,2017,5,May,2,18,Daily,2.34,5.33,1.15,6.6,8.0,0.0,12.0,3.0,38.42
2017-05-06,2017,5,May,2,18,Daily,7.33,2.363,4.4,14.0,4.0,0.0,0.0,6.0,38.093
2017-05-07,2017,5,May,2,18,Daily,6.33,3.67,4.5,18.25,3.0,0.0,4.0,4.0,43.75
2017-05-08,2017,5,May,2,19,Daily,2.33,3.66,1.0,8.0,8.0,3.0,1.0,5.6,32.59
2017-05-09,2017,5,May,2,19,Daily,7.33,4.0,4.1,11.0,4.0,0.0,2.0,3.0,35.43
2017-05-10,2017,5,May,2,19,Daily,8.66,0.397,9.0,15.0,4.0,0.0,14.0,7.0,58.057
2017-05-11,2017,5,May,2,19,Daily,6.0,6.693,3.0,16.0,6.0,2.0,1.0,10.0,50.693
2017-05-12,2017,5,May,2,19,Daily,4.99,4.703,6.0,16.4,4.0,9.0,0.0,6.0,51.093
2017-05-13,2017,5,May,2,19,Daily,5.0,2.363,6.0,12.0,4.0,0.0,1.0,7.0,37.363
2017-05-14,2017,5,May,2,19,Daily,4.67,2.076,2.85,31.5,6.0,0.0,5.0,2.1,54.196000000000005
2017-05-15,2017,5,May,2,20,Daily,5.34,4.703,2.0,17.0,0.0,3.0,3.0,7.0,42.043
2017-05-16,2017,5,May,2,20,Daily,2.33,5.66,1.5,16.2,2.0,0.0,6.0,7.0,40.69
2017-05-17,2017,5,May,2,20,Daily,6.34,4.84,0.0,9.0,5.0,0.0,0.0,2.0,27.18
2017-05-18,2017,5,May,2,20,Daily,3.33,5.01,4.0,28.2,4.0,0.0,0.0,3.0,47.54
2017-05-19,2017,5,May,2,20,Daily,4.34,3.44,2.2,31.6,11.0,0.0,0.0,10.0,62.58
2017-05-20,2017,5,May,2,20,Daily,3.99,4.713,0.25,16.4,5.0,0.0,6.0,6.0,42.352999999999994
2017-05-21,2017,5,May,2,20,Daily,6.0,3.043,1.25,32.2,5.0,0.0,12.0,4.0,63.493
2017-05-22,2017,5,May,2,21,Daily,5.33,1.34,4.4,22.4,5.0,0.0,7.0,11.0,56.47
2017-05-23,2017,5,May,2,21,Daily,3.0,2.406,5.0,11.0,9.0,0.0,2.0,7.0,39.406
2017-05-24,2017,5,May,2,21,Daily,6.68,3.34,3.0,14.2,9.0,0.0,4.0,4.71,44.93
2017-05-25,2017,5,May,2,21,Daily,5.66,5.36,2.0,18.2,3.0,0.0,2.0,4.3,40.519999999999996
2017-05-26,2017,5,May,2,21,Daily,2.34,3.67,5.0,29.0,4.0,0.0,8.0,2.0,54.01
2017-05-27,2017,5,May,2,21,Daily,7.33,3.221,2.0,23.4,5.0,0.0,0.0,10.0,50.951
2017-05-28,2017,5,May,2,21,Daily,1.99,6.243,2.45,11.19,2.0,0.0,0.0,3.0,26.872999999999998
2017-05-29,2017,5,May,2,22,Daily,3.34,4.023,1.6,28.0,4.0,2.0,4.0,5.0,51.963
2017-05-30,2017,5,May,2,22,Daily,8.0,3.396,4.3,25.0,3.0,0.0,5.0,5.0,53.696
2017-05-31,2017,5,May,2,22,Daily,4.0,2.429,7.0,12.2,6.0,4.0,1.0,5.0,41.629
2017-06-01,2017,6,Jun,2,22,Daily,1.34,3.67,2.0,21.4,10.0,0.0,2.0,2.0,42.41
2017-06-02,2017,6,Jun,2,22,Daily,2.33,4.0,4.0,17.4,9.0,1.0,5.0,3.0,45.73
2017-06-03,2017,6,Jun,2,22,Daily,5.0,1.726,3.0,10.0,3.0,1.0,22.0,2.0,47.726
2017-06-04,2017,6,Jun,2,22,Daily,7.0,1.747,2.25,23.4,3.0,1.0,5.0,4.0,47.397
2017-06-05,2017,6,Jun,2,23,Daily,3.33,5.99,4.5,9.7,5.0,0.0,0.0,8.0,36.519999999999996
2017-06-06,2017,6,Jun,2,23,Daily,1.0,3.0,0.0,18.0,3.0,0.0,6.0,7.5,38.5
2017-06-07,2017,6,Jun,2,23,Daily,5.33,4.693,4.0,21.0,13.0,0.0,20.0,7.0,75.023
2017-06-08,2017,6,Jun,2,23,Daily,5.0,1.823,3.15,21.0,4.0,0.0,2.0,4.2,41.173
2017-06-09,2017,6,Jun,2,23,Daily,1.33,4.09,3.1,10.0,2.0,0.0,0.0,6.0,26.52
2017-06-10,2017,6,Jun,2,23,Daily,9.0,7.01,4.0,15.0,2.0,0.0,7.0,3.0,47.01
2017-06-11,2017,6,Jun,2,23,Daily,5.5,3.99,8.5,28.25,8.0,0.0,2.0,3.0,59.24
2017-06-12,2017,6,Jun,2,24,Daily,4.34,3.34,1.0,13.6,3.0,0.0,13.0,12.0,50.28
2017-06-13,2017,6,Jun,2,24,Daily,2.99,3.023,3.0,8.0,9.0,0.0,0.0,9.1,35.113
2017-06-14,2017,6,Jun,2,24,Daily,1.33,1.33,1.0,9.0,6.0,3.0,5.0,3.0,29.66
2017-06-15,2017,6,Jun,2,24,Daily,3.0,4.33,3.15,15.0,10.0,0.0,5.0,6.5,46.980000000000004
2017-06-16,2017,6,Jun,2,24,Daily,4.0,2.01,0.0,12.25,6.0,0.0,0.0,5.44,29.7
2017-06-17,2017,6,Jun,2,24,Daily,2.0,8.726,5.0,12.0,4.0,0.0,5.0,5.0,41.726
2017-06-18,2017,6,Jun,2,24,Daily,4.0,7.34,1.1,26.6,2.0,0.0,12.0,3.33,56.37
2017-06-19,2017,6,Jun,2,25,Daily,1.33,1.98,1.0,18.0,1.0,1.0,8.0,3.0,35.31
2017-06-20,2017,6,Jun,2,25,Daily,9.33,1.0,5.1,12.0,5.0,0.0,5.0,8.63,46.06
2017-06-21,2017,6,Jun,2,25,Daily,4.0,1.33,2.0,21.0,4.0,0.0,2.0,5.4,39.73
2017-06-22,2017,6,Jun,2,25,Daily,1.0,3.34,0.0,7.0,4.0,0.0,8.0,11.0,34.34
2017-06-23,2017,6,Jun,2,25,Daily,1.0,1.34,2.0,16.0,5.0,0.0,0.0,1.2,26.54
2017-06-24,2017,6,Jun,2,25,Daily,5.0,3.65,6.0,32.0,8.0,1.0,0.0,1.0,56.65
2017-06-25,2017,6,Jun,2,25,Daily,6.5,2.34,6.0,22.0,4.0,0.0,0.0,4.6,45.440000000000005
2017-06-26,2017,6,Jun,2,26,Daily,7.68,3.033,6.25,10.0,11.0,0.0,0.0,3.0,40.963
2017-06-27,2017,6,Jun,2,26,Daily,4.0,3.32,6.0,13.5,9.0,0.0,3.0,6.0,44.82
2017-06-28,2017,6,Jun,2,26,Daily,4.0,4.033,4.5,18.0,7.0,0.0,5.0,3.0,45.533
2017-06-29,2017,6,Jun,2,26,Daily,4.0,3.67,6.0,17.0,1.0,0.0,21.0,5.0,57.67
2017-06-30,2017,6,Jun,2,26,Daily,6.67,2.132,2.0,18.0,2.0,0.0,0.0,6.0,36.802
2017-07-01,2017,7,Jul,3,26,Daily,3.33,2.33,1.0,10.0,5.0,0.0,10.0,4.0,35.66
2017-07-02,2017,7,Jul,3,26,Daily,5.0,3.68,2.0,9.0,6.0,0.0,0.0,4.0,29.68
2017-07-03,2017,7,Jul,3,27,Daily,3.67,0.0,1.5,8.0,11.0,0.0,11.0,0.0,35.17
2017-07-04,2017,7,Jul,3,27,Daily,10.67,2.34,5.0,18.0,7.0,0.0,0.0,6.0,49.01
2017-07-05,2017,7,Jul,3,27,Daily,4.5,1.66,2.0,16.0,20.0,0.0,22.0,6.0,72.16
2017-07-06,2017,7,Jul,3,27,Daily,4.33,7.0,4.0,20.6,3.0,1.0,1.0,1.0,41.93
2017-07-07,2017,7,Jul,3,27,Daily,5.0,2.0,4.1,17.0,6.0,0.0,1.0,0.0,35.1
2017-07-08,2017,7,Jul,3,27,Daily,4.99,4.089,5.0,16.0,12.0,0.0,1.0,3.0,46.079
2017-07-09,2017,7,Jul,3,27,Daily,2.33,7.16,0.5,15.0,4.0,0.0,1.0,4.0,33.99
2017-07-10,2017,7,Jul,3,28,Daily,2.0,4.353,4.0,12.0,5.0,2.0,7.0,3.0,39.353
2017-07-11,2017,7,Jul,3,28,Daily,3.34,0.68,0.0,18.0,2.0,0.0,7.0,2.0,33.019999999999996
2017-07-12,2017,7,Jul,3,28,Daily,2.0,5.34,0.0,15.4,12.0,0.0,3.0,0.0,37.74
2017-07-13,2017,7,Jul,3,28,Daily,3.33,3.34,2.15,9.6,5.0,3.0,3.0,2.0,31.42
2017-07-14,2017,7,Jul,3,28,Daily,2.33,3.759,2.0,16.0,8.0,0.0,5.0,3.0,40.089
2017-07-15,2017,7,Jul,3,28,Daily,3.33,9.34,3.0,21.0,3.0,0.0,0.0,2.0,41.67
2017-07-16,2017,7,Jul,3,28,Daily,11.34,9.34,3.0,19.0,6.0,0.0,0.0,1.0,49.68
2017-07-17,2017,7,Jul,3,29,Daily,9.0,4.747,3.0,16.4,6.0,2.0,4.0,3.0,48.147
2017-07-18,2017,7,Jul,3,29,Daily,9.67,5.67,1.5,14.0,8.0,0.0,20.0,4.0,62.84
2017-07-19,2017,7,Jul,3,29,Daily,6.33,3.66,4.0,20.6,6.0,3.0,1.0,6.0,50.59
2017-07-20,2017,7,Jul,3,29,Daily,5.0,4.0,3.0,18.0,11.0,2.0,2.0,2.0,47.0
2017-07-21,2017,7,Jul,3,29,Daily,2.33,1.0,3.0,14.0,5.0,0.0,0.0,3.0,28.33
2017-07-22,2017,7,Jul,3,29,Daily,3.0,5.69,5.0,22.0,3.0,1.0,0.0,2.0,41.69
2017-07-23,2017,7,Jul,3,29,Daily,6.5,2.429,2.0,12.0,4.0,0.0,4.0,5.0,35.929
2017-07-24,2017,7,Jul,3,30,Daily,3.84,1.0,2.1,15.0,6.0,0.0,0.0,3.0,30.939999999999998
2017-07-25,2017,7,Jul,3,30,Daily,6.34,2.35,2.0,14.0,5.0,0.0,6.0,0.1,35.79
2017-07-26,2017,7,Jul,3,30,Daily,3.33,6.779,3.0,15.0,11.0,1.0,1.0,1.0,42.109
2017-07-27,2017,7,Jul,3,30,Daily,5.0,0.67,0.0,12.4,8.0,0.0,0.0,1.0,27.07
2017-07-28,2017,7,Jul,3,30,Daily,4.0,5.0,1.1,17.2,10.0,0.0,0.0,3.0,40.3
2017-07-29,2017,7,Jul,3,30,Daily,3.0,3.33,2.0,14.15,1.0,0.0,0.0,4.0,27.48
2017-07-30,2017,7,Jul,3,30,Daily,4.125,2.66,2.0,13.0,11.0,0.0,0.0,1.0,33.785
2017-07-31,2017,7,Jul,3,31,Daily,7.34,0.81,2.25,21.0,9.0,0.0,5.0,2.0,47.4
2017-08-01,2017,8,Aug,3,31,Daily,7.33,3.33,2.0,15.6,3.0,0.0,1.0,1.0,33.26
2017-08-02,2017,8,Aug,3,31,Daily,6.0,2.66,1.0,25.0,2.0,0.0,1.0,4.0,41.66
2017-08-03,2017,8,Aug,3,31,Daily,6.33,0.66,4.0,10.0,8.0,0.0,1.0,3.0,32.99
2017-08-04,2017,8,Aug,3,31,Daily,8.0,4.0,1.0,15.0,11.0,2.0,5.0,2.0,48.0
2017-08-05,2017,8,Aug,3,31,Daily,4.66,2.472,2.0,13.312,2.0,0.0,0.0,2.0,26.444
2017-08-06,2017,8,Aug,3,31,Daily,2.0,3.429,1.0,13.0,6.0,0.0,0.0,3.0,28.429000000000002
2017-08-07,2017,8,Aug,3,32,Daily,1.0,5.34,3.1,16.0,9.0,2.0,0.0,0.0,36.44
2017-08-08,2017,8,Aug,3,32,Daily,6.0,1.703,2.1,11.188,8.0,0.0,0.0,4.2,33.191
2017-08-09,2017,8,Aug,3,32,Daily,2.33,5.1,3.15,13.0,15.0,0.0,2.0,2.2,42.78
2017-08-10,2017,8,Aug,3,32,Daily,0.0,3.99,4.0,9.0,19.0,0.0,3.0,1.1,40.09
2017-08-11,2017,8,Aug,3,32,Daily,4.33,1.65,5.1,8.0,6.0,3.0,0.0,0.0,28.08
2017-08-12,2017,8,Aug,3,32,Daily,2.69,4.939,2.5,22.6,4.0,0.0,6.0,2.0,44.729
2017-08-13,2017,8,Aug,3,32,Daily,3.66,3.65,2.05,24.0,5.0,0.0,1.0,1.0,40.36
2017-08-14,2017,8,Aug,3,33,Daily,11.34,2.067,4.0,13.0,4.0,0.0,0.0,2.0,36.407
2017-08-15,2017,8,Aug,3,33,Daily,2.33,6.703,2.15,35.0,11.0,0.0,2.0,3.0,62.183
2017-08-16,2017,8,Aug,3,33,Daily,5.33,3.67,1.0,10.45,13.0,0.0,4.0,2.0,39.45
2017-08-17,2017,8,Aug,3,33,Daily,5.16,1.33,5.0,12.0,8.0,0.0,1.0,1.5,33.99
2017-08-18,2017,8,Aug,3,33,Daily,2.33,3.99,3.0,15.0,4.0,0.0,0.0,3.0,31.32
2017-08-19,2017,8,Aug,3,33,Daily,5.0,4.713,3.0,16.0,10.0,0.0,11.0,2.0,51.713
2017-08-20,2017,8,Aug,3,33,Daily,4.33,2.056,6.0,14.4,6.0,0.0,2.0,1.0,35.786
2017-08-21,2017,8,Aug,3,34,Daily,9.33,3.34,2.4,19.0,4.0,0.0,0.0,0.0,38.07
2017-08-22,2017,8,Aug,3,34,Daily,6.0,1.34,3.15,22.2,3.0,0.0,0.0,2.0,37.69
2017-08-23,2017,8,Aug,3,34,Daily,3.33,2.33,2.0,42.0,8.0,0.0,9.0,3.0,69.66
2017-08-24,2017,8,Aug,3,34,Daily,8.0,9.053,2.0,27.0,13.0,0.0,1.0,3.0,63.053
2017-08-25,2017,8,Aug,3,34,Daily,6.0,3.01,1.0,20.25,17.0,0.0,0.0,1.0,48.26
2017-08-26,2017,8,Aug,3,34,Daily,4.99,3.516,1.0,19.0,10.0,0.0,6.0,2.0,46.506
2017-08-27,2017,8,Aug,3,34,Daily,3.0,5.34,1.0,21.3,5.0,2.0,7.0,1.0,45.64
2017-08-28,2017,8,Aug,3,35,Daily,8.0,7.0,5.0,16.0,12.0,0.0,1.0,3.0,52.0
2017-08-29,2017,8,Aug,3,35,Daily,7.0,3.066,3.5,17.0,5.0,0.0,11.0,2.1,48.666000000000004
2017-08-30,2017,8,Aug,3,35,Daily,7.67,3.99,3.15,17.0,4.0,3.0,0.0,2.0,40.81
2017-08-31,2017,8,Aug,3,35,Daily,16.68,3.033,3.05,17.0,4.0,0.0,0.0,1.0,44.763000000000005
2017-09-01,2017,9,Sep,3,35,Daily,3.34,3.0,5.0,20.6,8.0,0.0,2.0,0.0,41.94
2017-09-02,2017,9,Sep,3,35,Daily,6.34,2.13,6.0,18.4,8.0,0.0,1.0,3.0,44.87
2017-09-03,2017,9,Sep,3,35,Daily,6.83,5.462,2.0,18.4,7.0,0.0,1.0,3.0,43.692
2017-09-04,2017,9,Sep,3,36,Daily,6.5,3.33,6.0,24.0,7.0,0.0,0.0,3.0,49.83
2017-09-05,2017,9,Sep,3,36,Daily,6.17,4.02,4.0,19.1,7.0,1.0,2.0,1.3,44.589999999999996
2017-09-06,2017,9,Sep,3,36,Daily,4.33,3.0,5.0,32.0,6.0,0.0,3.0,3.0,56.33
2017-09-07,2017,9,Sep,3,36,Daily,3.0,1.0,3.2,18.0,2.0,0.0,0.0,2.0,29.2
2017-09-08,2017,9,Sep,3,36,Daily,8.83,7.32,3.1,34.0,8.0,0.0,3.0,4.0,68.25
2017-09-09,2017,9,Sep,3,36,Daily,6.0,8.34,2.5,20.0,7.0,0.0,0.0,4.0,47.84
2017-09-10,2017,9,Sep,3,36,Daily,3.34,5.35,1.0,35.6,7.0,0.0,0.0,4.2,56.49
2017-09-11,2017,9,Sep,3,37,Daily,2.0,3.373,2.0,12.0,16.0,0.0,0.0,2.0,37.373000000000005
2017-09-12,2017,9,Sep,3,37,Daily,1.0,4.35,5.2,18.25,6.0,1.0,1.0,2.2,39.0
2017-09-13,2017,9,Sep,3,37,Daily,4.0,0.66,2.0,25.0,16.0,0.0,5.0,0.0,52.66
2017-09-14,2017,9,Sep,3,37,Daily,5.0,5.34,5.0,22.4,6.0,0.0,9.0,5.0,57.739999999999995
2017-09-15,2017,9,Sep,3,37,Daily,3.0,3.0,3.0,16.0,12.0,1.0,8.0,3.0,49.0
2017-09-16,2017,9,Sep,3,37,Daily,7.0,3.0,3.45,27.3,11.0,0.0,0.0,1.2,52.95
2017-09-17,2017,9,Sep,3,37,Daily,5.0,4.34,4.0,32.0,6.0,1.0,7.0,5.0,64.34
2017-09-18,2017,9,Sep,3,38,Daily,9.0,4.34,1.0,27.0,7.0,0.0,1.0,2.0,51.34
2017-09-19,2017,9,Sep,3,38,Daily,3.33,6.033,1.0,43.25,6.0,2.0,6.0,9.0,76.613
2017-09-20,2017,9,Sep,3,38,Daily,2.0,2.363,0.1,35.45,6.0,0.0,6.0,0.0,51.913000000000004
2017-09-21,2017,9,Sep,3,38,Daily,7.34,3.696,1.0,19.7,8.0,2.0,0.0,1.0,42.736
2017-09-22,2017,9,Sep,3,38,Daily,4.66,2.241,3.0,27.5,2.0,0.0,0.0,3.0,42.400999999999996
2017-09-23,2017,9,Sep,3,38,Daily,9.99,6.99,3.0,14.45,12.0,2.0,0.0,2.0,50.43
2017-09-24,2017,9,Sep,3,38,Daily,3.66,4.826,2.0,52.4,7.0,1.0,6.0,1.0,77.886
2017-09-25,2017,9,Sep,3,39,Daily,1.0,2.517,1.0,39.2,7.0,3.0,26.0,1.0,80.717
2017-09-26,2017,9,Sep,3,39,Daily,2.0,5.67,2.1,38.6,4.0,0.0,6.0,1.0,59.370000000000005
2017-09-27,2017,9,Sep,3,39,Daily,4.0,2.33,3.0,38.0,7.0,3.0,3.0,0.0,60.33
2017-09-28,2017,9,Sep,3,39,Daily,3.34,2.68,2.5,37.85,3.0,0.0,10.0,0.0,59.370000000000005
2017-09-29,2017,9,Sep,3,39,Daily,1.0,5.0,3.0,35.4,8.0,6.0,5.0,1.0,64.4
2017-09-30,2017,9,Sep,3,39,Daily,5.33,3.01,3.0,61.9,6.0,0.0,28.0,0.0,107.24
2017-10-01,2017,10,Oct,4,39,Daily,4.0,5.891,3.0,72.1,7.0,1.0,20.0,1.0,113.991
2017-10-02,2017,10,Oct,4,40,Daily,8.33,2.0,3.15,18.0,3.0,1.0,0.0,0.0,35.480000000000004
2017-10-03,2017,10,Oct,4,40,Daily,0.34,2.1,3.15,57.2,21.0,3.0,5.0,2.0,93.79
2017-10-04,2017,10,Oct,4,40,Daily,2.0,4.33,4.0,37.0,6.0,0.0,2.0,1.0,56.33
2017-10-05,2017,10,Oct,4,40,Daily,5.33,3.99,5.0,40.8,5.0,0.0,11.0,2.0,73.12
2017-10-06,2017,10,Oct,4,40,Daily,3.99,4.66,1.0,39.8,7.0,0.0,6.0,2.0,64.44999999999999
2017-10-07,2017,10,Oct,4,40,Daily,4.0,2.023,2.0,35.25,4.0,0.0,10.0,1.0,58.272999999999996
2017-10-08,2017,10,Oct,4,40,Daily,8.67,3.261,5.2,77.1,2.0,0.0,15.0,4.0,115.231
2017-10-09,2017,10,Oct,4,41,Daily,0.0,0.0,0.0,0.0,0.0,0.0,0.0,0.0,0.0
2017-10-10,2017,10,Oct,4,41,Daily,10.0,2.68,2.0,25.0,8.0,0.0,11.0,3.0,61.68
2017-10-11,2017,10,Oct,4,41,Daily,3.5,1.0,4.6,39.4,2.0,0.0,6.0,2.5,59.0
2017-10-12,2017,10,Oct,4,41,Daily,4.0,2.393,2.3,41.0,9.0,0.0,1.0,2.0,61.693
2017-10-13,2017,10,Oct,4,41,Daily,5.33,1.396,0.6,38.0,8.0,2.0,3.0,4.0,62.326
2017-10-14,2017,10,Oct,4,41,Daily,4.84,3.66,4.0,42.2,9.0,1.0,20.0,0.0,84.7
2017-10-15,2017,10,Oct,4,41,Daily,6.0,6.68,1.0,37.0,5.0,0.0,11.0,2.0,68.68
2017-10-16,2017,10,Oct,4,42,Daily,2.33,0.67,0.0,45.1,9.0,0.0,2.0,2.0,61.1
2017-10-17,2017,10,Oct,4,42,Daily,3.34,1.67,6.0,26.2,9.0,2.0,6.0,1.0,55.21
2017-10-18,2017,10,Oct,4,42,Daily,5.34,1.33,1.0,52.85,15.0,0.0,1.0,1.0,77.52000000000001
2017-10-19,2017,10,Oct,4,42,Daily,4.33,5.99,4.7,25.5,8.0,0.0,13.0,0.0,61.519999999999996
2017-10-20,2017,10,Oct,4,42,Daily,2.83,4.363,3.0,36.25,15.0,0.0,8.0,0.0,69.443
2017-10-21,2017,10,Oct,4,42,Daily,3.33,3.769,3.3,25.2,9.0,3.0,5.0,4.0,56.599000000000004
2017-10-22,2017,10,Oct,4,42,Daily,8.0,5.0,5.0,57.8,8.0,0.0,9.0,2.0,94.8
2017-10-23,2017,10,Oct,4,43,Daily,3.33,1.363,2.0,28.6,4.0,0.0,28.0,1.0,68.293
2017-10-24,2017,10,Oct,4,43,Daily,2.0,2.0,10.0,65.2,3.0,0.0,10.0,1.0,93.2
2017-10-25,2017,10,Oct,4,43,Daily,6.34,3.33,5.35,26.9,4.0,0.0,1.0,1.0,47.92
2017-10-26,2017,10,Oct,4,43,Daily,1.33,1.099,2.0,38.0,9.0,1.0,5.0,2.3,59.729
2017-10-27,2017,10,Oct,4,43,Daily,6.32,2.363,6.0,26.0,14.0,1.0,21.0,2.0,78.68299999999999
2017-10-28,2017,10,Oct,4,43,Daily,5.0,2.33,4.0,24.1,11.0,0.0,7.0,3.0,56.43
2017-10-29,2017,10,Oct,4,43,Daily,7.66,2.373,1.05,36.0,3.0,0.0,1.0,2.2,53.283
2017-10-30,2017,10,Oct,4,44,Daily,1.5,3.66,2.0,32.8,7.0,0.0,9.0,1.0,56.959999999999994
2017-10-31,2017,10,Oct,4,44,Daily,4.33,1.363,4.0,38.0,2.0,0.0,0.0,1.0,50.693
2017-11-01,2017,11,Nov,4,44,Daily,0.67,3.429,2.0,23.0,5.0,0.0,3.0,1.0,38.099000000000004
2017-11-02,2017,11,Nov,4,44,Daily,4.0,2.066,1.55,22.1,5.0,0.0,11.0,3.0,48.716
2017-11-03,2017,11,Nov,4,44,Daily,2.33,7.67,4.4,37.4,10.0,3.0,6.0,1.0,71.8
2017-11-04,2017,11,Nov,4,44,Daily,10.34,7.472,6.0,33.0,5.0,0.0,1.0,3.2,66.012
2017-11-05,2017,11,Nov,4,44,Daily,6.33,5.799,1.1,35.45,1.0,0.0,5.0,2.0,56.679
2017-11-06,2017,11,Nov,4,45,Daily,8.34,3.2,2.0,20.2,11.0,3.0,8.0,1.0,56.739999999999995
2017-11-07,2017,11,Nov,4,45,Daily,0.67,4.0,7.0,20.0,4.0,0.0,0.0,1.5,37.17
2017-11-08,2017,11,Nov,4,45,Daily,6.0,1.1,2.0,9.2,1.0,0.0,5.0,1.0,25.299999999999997
2017-11-09,2017,11,Nov,4,45,Daily,2.67,3.746,0.0,28.8,2.0,0.0,11.0,1.0,49.216
2017-11-10,2017,11,Nov,4,45,Daily,9.34,6.66,6.2,34.0,9.0,0.0,22.0,2.0,89.2
2017-11-11,2017,11,Nov,4,45,Daily,8.5,3.0,4.1,32.0,8.0,0.0,2.0,0.0,57.6
2017-11-12,2017,11,Nov,4,45,Daily,5.0,3.65,6.15,40.0,9.0,0.0,3.0,2.0,68.8
2017-11-13,2017,11,Nov,4,46,Daily,9.33,2.429,4.2,44.2,5.0,0.0,5.0,0.2,70.35900000000001
2017-11-14,2017,11,Nov,4,46,Daily,3.0,0.859,2.0,6.8,14.0,0.0,19.0,1.0,46.659
2017-11-15,2017,11,Nov,4,46,Daily,5.33,2.726,7.7,17.0,8.0,3.0,0.0,1.0,44.756
2017-11-16,2017,11,Nov,4,46,Daily,5.33,2.0,3.0,17.6,3.0,0.0,1.0,1.0,32.93
2017-11-17,2017,11,Nov,4,46,Daily,3.0,4.837,3.0,34.0,5.0,0.0,30.0,2.0,81.837
2017-11-18,2017,11,Nov,4,46,Daily,5.33,8.45,2.0,42.5,2.0,0.0,8.0,1.2,69.48
2017-11-19,2017,11,Nov,4,46,Daily,4.0,6.88,1.0,29.0,3.0,0.0,6.0,2.5,52.379999999999995
2017-11-20,2017,11,Nov,4,47,Daily,2.34,5.34,2.4,28.8,10.0,0.0,2.0,0.0,50.88
2017-11-21,2017,11,Nov,4,47,Daily,13.33,0.68,1.0,22.4,5.0,0.0,2.0,1.0,45.41
2017-11-22,2017,11,Nov,4,47,Daily,2.0,4.0,1.0,26.1,20.0,0.0,1.0,1.0,55.1
2017-11-23,2017,11,Nov,4,47,Daily,9.33,5.99,6.0,34.3,14.0,0.0,0.0,3.0,72.62
2017-11-24,2017,11,Nov,4,47,Daily,8.0,3.132,5.0,34.324,5.0,2.0,2.0,0.0,59.455999999999996
2017-11-25,2017,11,Nov,4,47,Daily,5.33,6.076,4.1,26.5,8.0,0.0,2.0,0.0,52.006
2017-11-26,2017,11,Nov,4,47,Daily,5.66,5.786,1.0,31.2,2.0,1.0,12.0,2.0,60.646
2017-11-27,2017,11,Nov,4,48,Daily,1.34,3.67,6.1,34.825,4.0,0.0,7.0,3.0,59.935
2017-11-28,2017,11,Nov,4,48,Daily,5.0,1.34,5.35,40.6,5.0,3.0,8.0,3.0,71.28999999999999
2017-11-29,2017,11,Nov,4,48,Daily,6.34,2.397,4.1,32.6,7.0,0.0,5.0,3.0,60.437
2017-11-30,2017,11,Nov,4,48,Daily,5.67,1.396,3.0,30.0,2.0,0.0,9.0,3.0,54.066
2017-12-01,2017,12,Dec,4,48,Daily,10.33,7.66,1.0,25.4,3.0,0.0,5.0,2.0,54.39
2017-12-02,2017,12,Dec,4,48,Daily,4.33,3.67,5.0,22.0,11.0,0.0,0.0,1.5,47.5
2017-12-03,2017,12,Dec,4,48,Daily,5.33,6.023,3.0,33.4,3.0,0.0,6.0,2.0,58.753
2017-12-04,2017,12,Dec,4,49,Daily,1.0,2.363,4.0,15.6,3.0,0.0,13.0,3.0,41.963
2017-12-05,2017,12,Dec,4,49,Daily,3.68,3.165,4.05,17.1,1.0,0.0,6.0,2.0,36.995000000000005
2017-12-06,2017,12,Dec,4,49,Daily,4.0,4.396,2.1,29.2,12.0,0.0,6.0,1.0,58.696
2017-12-07,2017,12,Dec,4,49,Daily,3.0,2.66,5.45,24.9,8.0,0.0,7.0,1.0,52.01
2017-12-08,2017,12,Dec,4,49,Daily,5.33,2.51,3.5,44.2,5.0,1.0,7.0,2.0,70.54
2017-12-09,2017,12,Dec,4,49,Daily,5.0,2.17,5.4,36.6,14.0,0.0,7.0,2.0,72.17
2017-12-10,2017,12,Dec,4,49,Daily,5.0,2.802,5.0,48.0,7.0,0.0,18.0,2.0,87.80199999999999
2017-12-11,2017,12,Dec,4,50,Daily,8.0,6.0,5.5,34.4,10.0,0.0,6.0,1.0,70.9
2017-12-12,2017,12,Dec,4,50,Daily,1.33,5.066,3.0,44.0,6.0,1.0,12.0,2.0,74.396
2017-12-13,2017,12,Dec,4,50,Daily,4.0,3.34,2.3,29.0,9.0,0.0,0.0,1.0,48.64
2017-12-14,2017,12,Dec,4,50,Daily,3.0,3.0,3.0,30.0,5.0,0.0,0.0,3.0,47.0
2017-12-15,2017,12,Dec,4,50,Daily,4.18,5.01,2.5,29.0,6.0,0.0,0.0,1.0,47.69
2017-12-16,2017,12,Dec,4,50,Daily,11.0,6.0,3.0,36.6,6.0,1.0,1.0,2.0,66.6
2017-12-17,2017,12,Dec,4,50,Daily,7.0,0.33,5.1,37.0,11.0,0.0,15.0,2.0,77.43
2017-12-18,2017,12,Dec,4,51,Daily,0.66,4.67,6.0,31.6,7.0,0.0,8.0,0.0,57.93
2017-12-19,2017,12,Dec,4,51,Daily,0.0,0.0,0.0,0.0,0.0,0.0,0.0,0.0,0.0
2017-12-20,2017,12,Dec,4,51,Daily,2.0,3.396,3.0,27.2,3.0,0.0,11.0,2.0,51.596000000000004
2017-12-21,2017,12,Dec,4,51,Daily,2.02,2.66,4.0,23.4,5.0,0.0,6.0,0.0,43.08
2017-12-22,2017,12,Dec,4,51,Daily,5.99,2.769,1.5,26.0,13.0,0.0,1.0,1.6,51.859
2017-12-23,2017,12,Dec,4,51,Daily,6.0,4.505,6.1,28.3,6.0,0.0,1.0,1.0,52.905
2017-12-24,2017,12,Dec,4,51,Daily,7.66,3.46,2.0,32.2,4.0,0.0,5.0,1.0,55.32000000000001
2017-12-25,2017,12,Dec,4,52,Daily,1.0,0.62,4.1,15.53,4.0,0.0,6.0,2.0,33.25
2017-12-26,2017,12,Dec,4,52,Daily,2.99,4.67,3.5,56.9,9.0,0.0,9.0,2.0,88.06
2017-12-27,2017,12,Dec,4,52,Daily,7.0,4.814,5.15,32.7,9.0,0.0,3.0,0.0,61.664
2017-12-28,2017,12,Dec,4,52,Daily,7.33,3.462,5.1,35.35,12.0,3.0,24.0,1.0,91.242
2017-12-29,2017,12,Dec,4,52,Daily,9.34,2.066,2.5,41.4,17.0,0.0,11.0,2.0,85.306
2017-12-30,2017,12,Dec,4,52,Daily,8.68,8.363,4.0,50.0,8.0,0.0,10.0,3.0,92.043
2017-12-31,2017,12,Dec,4,52,Daily,13.83,10.043,5.3,70.2,9.0,0.0,0.0,1.0,109.373
2018-01-01,2018,1,Jan,1,1,Daily,0.0,0.0,0.0,0.0,0.0,0.0,0.0,0.0,0.0
2018-01-02,2018,1,Jan,1,1,Daily,1.0,5.33,2.25,38.0,3.0,0.0,2.0,2.0,53.58
2018-01-03,2018,1,Jan,1,1,Daily,4.67,2.397,3.0,54.0,4.0,0.0,10.0,3.0,81.06700000000001
2018-01-04,2018,1,Jan,1,1,Daily,6.0,1.099,1.0,39.2,9.0,0.0,1.0,2.0,59.29900000000001
2018-01-05,2018,1,Jan,1,1,Daily,12.0,6.825,3.0,26.0,11.0,0.0,21.0,1.0,80.825
2018-01-06,2018,1,Jan,1,1,Daily,4.66,1.66,2.2,73.0,4.0,0.0,5.0,8.0,98.52
2018-01-07,2018,1,Jan,1,1,Daily,0.0,0.0,0.0,0.0,0.0,0.0,0.0,0.0,0.0
2018-01-08,2018,1,Jan,1,2,Daily,2.33,6.53,4.2,29.6,5.0,0.0,0.0,1.0,48.66
2018-01-09,2018,1,Jan,1,2,Daily,5.33,2.099,5.0,33.825,9.0,6.0,10.0,1.0,72.254
2018-01-10,2018,1,Jan,1,2,Daily,9.33,7.406,6.0,44.5,12.0,0.0,6.0,2.0,87.236
2018-01-11,2018,1,Jan,1,2,Daily,4.0,4.33,5.5,37.6,7.0,0.0,5.0,0.0,63.43
2018-01-12,2018,1,Jan,1,2,Daily,5.66,1.33,3.0,42.0,11.0,0.0,10.0,0.0,72.99000000000001
2018-01-13,2018,1,Jan,1,2,Daily,3.5,3.495,3.2,32.0,6.0,0.0,8.0,1.0,57.195
2018-01-14,2018,1,Jan,1,2,Daily,4.33,5.155,1.2,36.0,2.0,0.0,5.0,1.0,54.685
2018-01-15,2018,1,Jan,1,3,Daily,6.99,2.0,5.1,26.0,8.0,0.0,15.0,2.0,65.09
2018-01-16,2018,1,Jan,1,3,Daily,6.34,2.67,3.0,18.0,2.0,0.0,8.0,0.0,40.01
2018-01-17,2018,1,Jan,1,3,Daily,6.67,2.85,2.0,30.2,10.0,2.0,41.0,2.0,96.72
2018-01-18,2018,1,Jan,1,3,Daily,4.33,3.726,4.0,58.4,9.0,0.0,2.0,1.0,82.456
2018-01-19,2018,1,Jan,1,3,Daily,6.33,2.528,3.0,23.4,12.0,0.0,3.0,1.0,51.257999999999996
2018-01-20,2018,1,Jan,1,3,Daily,2.66,2.32,2.0,38.0,2.0,0.0,5.0,0.0,51.980000000000004
2018-01-21,2018,1,Jan,1,3,Daily,3.33,3.53,3.4,32.8,6.0,0.0,1.0,3.5,53.559999999999995
2018-01-22,2018,1,Jan,1,4,Daily,6.0,3.396,6.0,29.0,5.0,0.0,6.0,1.0,56.396
2018-01-23,2018,1,Jan,1,4,Daily,1.0,1.066,4.6,38.6,4.0,0.0,5.0,1.0,55.266
2018-01-24,2018,1,Jan,1,4,Daily,7.33,6.67,4.0,32.0,13.0,0.0,4.0,1.0,68.0
2018-01-25,2018,1,Jan,1,4,Daily,3.66,5.132,4.2,36.8,15.0,0.0,7.0,3.0,74.792
2018-01-26,2018,1,Jan,1,4,Daily,3.0,3.023,0.4,62.2,9.0,0.0,12.0,1.0,90.623
2018-01-27,2018,1,Jan,1,4,Daily,3.34,7.33,3.0,52.9,7.0,0.0,3.0,4.0,80.57
2018-01-28,2018,1,Jan,1,4,Daily,1.5,2.35,5.65,55.0,11.0,0.0,10.0,2.0,87.5
2018-01-29,2018,1,Jan,1,5,Daily,2.33,4.363,4.25,47.9,10.0,3.0,4.0,1.0,76.843
2018-01-30,2018,1,Jan,1,5,Daily,4.33,3.76,3.0,37.0,11.0,0.0,4.0,3.0,66.09
2018-01-31,2018,1,Jan,1,5,Daily,0.33,5.076,4.0,30.4,12.0,0.0,6.0,1.0,58.806
2018-02-01,2018,2,Feb,1,5,Daily,5.34,4.33,6.0,30.5,7.0,0.0,6.0,3.0,62.17
2018-02-02,2018,2,Feb,1,5,Daily,2.33,4.99,4.0,54.6,6.0,0.0,6.0,4.4,82.32000000000001
2018-02-03,2018,2,Feb,1,5,Daily,4.33,7.13,3.3,67.1,12.0,0.0,5.0,2.0,100.86
2018-02-04,2018,2,Feb,1,5,Daily,7.99,9.066,2.0,50.6,6.0,0.0,3.0,3.0,81.656
2018-02-05,2018,2,Feb,1,6,Daily,7.33,3.066,3.0,53.0,18.0,0.0,6.0,0.66,91.056
2018-02-06,2018,2,Feb,1,6,Daily,4.34,1.87,6.85,51.5,8.0,0.0,5.0,1.0,78.56
2018-02-07,2018,2,Feb,1,6,Daily,4.84,8.132,3.2,44.8,8.0,0.0,23.0,0.0,91.972
2018-02-08,2018,2,Feb,1,6,Daily,6.33,1.34,3.0,47.0,7.0,0.0,1.25,0.0,65.92
2018-02-09,2018,2,Feb,1,6,Daily,3.0,3.69,4.25,47.0,17.0,0.0,11.0,0.0,85.94
2018-02-10,2018,2,Feb,1,6,Daily,10.01,5.231,3.5,60.4,6.0,0.0,15.0,3.0,103.14099999999999
2018-02-11,2018,2,Feb,1,6,Daily,6.33,5.396,7.8,63.25,12.0,0.0,10.0,2.0,106.776
2018-02-12,2018,2,Feb,1,7,Daily,8.0,4.769,10.0,36.3,14.0,1.0,1.0,1.0,76.06899999999999
2018-02-13,2018,2,Feb,1,7,Daily,6.0,8.033,5.0,17.8,10.0,0.0,10.0,3.0,59.833
2018-02-14,2018,2,Feb,1,7,Daily,1.0,6.33,2.1,50.3,15.0,0.0,14.0,0.0,88.72999999999999
2018-02-15,2018,2,Feb,1,7,Daily,1.5,6.945,0.85,74.6,6.0,0.0,10.0,0.0,99.895
2018-02-16,2018,2,Feb,1,7,Daily,7.68,7.175,1.2,65.162,10.0,0.0,0.0,1.0,92.21700000000001
2018-02-17,2018,2,Feb,1,7,Daily,1.33,3.64,2.0,50.4,5.0,0.0,9.0,0.0,71.37
2018-02-18,2018,2,Feb,1,7,Daily,6.0,6.726,7.55,44.0,2.0,0.0,4.0,1.0,71.276
2018-02-19,2018,2,Feb,1,8,Daily,1.0,3.34,1.7,27.0,6.0,0.0,12.0,2.0,53.04
2018-02-20,2018,2,Feb,1,8,Daily,4.18,2.286,4.2,30.2,6.0,0.0,2.0,3.0,51.866
2018-02-21,2018,2,Feb,1,8,Daily,1.34,7.01,9.5,27.4,5.0,0.0,6.0,1.0,57.25
2018-02-22,2018,2,Feb,1,8,Daily,5.0,6.33,3.15,30.0,6.0,0.0,20.0,0.0,70.48
2018-02-23,2018,2,Feb,1,8,Daily,5.83,2.979,1.0,34.2,6.0,0.0,12.0,0.0,62.009
2018-02-24,2018,2,Feb,1,8,Daily,8.0,5.68,7.0,43.5,10.0,0.0,8.0,3.0,85.18
2018-02-25,2018,2,Feb,1,8,Daily,4.0,1.68,2.0,36.8,10.0,0.0,10.0,2.0,66.47999999999999
2018-02-26,2018,2,Feb,1,9,Daily,1.0,0.66,2.0,46.6,9.0,0.0,7.0,1.0,67.26
2018-02-27,2018,2,Feb,1,9,Daily,3.33,2.65,3.4,26.7,20.0,9.0,8.0,1.0,74.08
2018-02-28,2018,2,Feb,1,9,Daily,1.0,2.33,5.1,44.662,21.0,2.0,0.0,1.0,77.092
2018-03-01,2018,3,Mar,1,9,Daily,1.0,6.033,1.05,26.4,26.0,1.0,12.0,1.0,74.483
2018-03-02,2018,3,Mar,1,9,Daily,4.0,3.0,9.5,38.4,24.0,3.0,17.0,5.5,104.4
2018-03-03,2018,3,Mar,1,9,Daily,8.0,2.363,8.15,40.187,12.0,1.0,10.0,4.0,85.69999999999999
2018-03-04,2018,3,Mar,1,9,Daily,1.0,3.736,4.0,33.6,3.0,0.0,14.0,1.0,60.336
2018-03-05,2018,3,Mar,1,10,Daily,4.33,5.33,6.1,25.0,6.0,0.0,17.0,1.0,64.75999999999999
2018-03-06,2018,3,Mar,1,10,Daily,9.5,6.33,5.85,22.2,22.0,8.0,2.0,1.0,76.88
2018-03-07,2018,3,Mar,1,10,Daily,4.5,1.67,4.0,20.2,31.0,5.0,11.0,1.4,78.77000000000001
2018-03-08,2018,3,Mar,1,10,Daily,1.33,2.769,4.0,25.8,10.0,0.0,0.0,4.0,47.899
2018-03-09,2018,3,Mar,1,10,Daily,6.33,2.18,4.2,41.0,11.0,1.0,10.0,0.0,75.71000000000001
2018-03-10,2018,3,Mar,1,10,Daily,6.0,4.109,4.0,21.7,11.0,3.0,17.0,6.0,72.809
2018-03-11,2018,3,Mar,1,10,Daily,4.66,7.54,5.6,68.0,0.0,0.0,11.0,3.0,99.8
2018-03-12,2018,3,Mar,1,11,Daily,9.0,4.345,3.0,22.2,9.0,0.0,13.0,8.0,68.545
2018-03-13,2018,3,Mar,1,11,Daily,2.0,5.066,5.2,15.2,18.0,0.0,21.0,5.0,71.46600000000001
2018-03-14,2018,3,Mar,1,11,Daily,2.34,2.34,0.0,31.0,14.0,2.0,8.0,4.0,63.68
2018-03-15,2018,3,Mar,1,11,Daily,3.34,2.132,3.0,23.9,10.0,0.0,10.0,0.0,52.372
2018-03-16,2018,3,Mar,1,11,Daily,3.33,3.066,1.0,29.0,7.0,0.0,2.0,1.0,46.396
2018-03-17,2018,3,Mar,1,11,Daily,3.99,1.66,3.15,65.0,11.0,0.0,5.0,4.0,93.8
2018-03-18,2018,3,Mar,1,11,Daily,7.33,2.929,4.3,21.5,8.0,0.0,2.0,2.0,48.059
2018-03-19,2018,3,Mar,1,12,Daily,4.34,1.0,0.0,19.6,11.0,2.0,18.0,1.0,56.94
2018-03-20,2018,3,Mar,1,12,Daily,2.67,3.67,9.0,48.6,7.0,0.0,15.0,5.0,90.94
2018-03-21,2018,3,Mar,1,12,Daily,2.0,2.0,2.0,27.0,4.0,0.0,9.0,0.0,46.0
2018-03-22,2018,3,Mar,1,12,Daily,3.0,3.67,1.55,24.6,4.0,0.0,0.0,1.0,37.82
2018-03-23,2018,3,Mar,1,12,Daily,5.0,5.396,5.15,34.0,8.0,0.0,11.0,8.5,77.04599999999999
2018-03-24,2018,3,Mar,1,12,Daily,7.0,2.34,5.0,40.0,7.0,1.0,2.0,0.0,64.34
2018-03-25,2018,3,Mar,1,12,Daily,4.0,2.66,3.2,47.312,9.0,0.0,3.0,2.0,71.172
2018-03-26,2018,3,Mar,1,13,Daily,5.0,9.66,0.2,27.6,15.0,4.0,5.0,3.3,69.76
2018-03-27,2018,3,Mar,1,13,Daily,4.34,3.33,5.1,28.0,14.0,1.0,5.0,2.0,62.769999999999996
2018-03-28,2018,3,Mar,1,13,Daily,5.5,1.66,1.0,11.924,23.0,2.0,6.0,1.5,52.584
2018-03-29,2018,3,Mar,1,13,Daily,7.0,2.33,3.0,28.2,5.0,0.0,7.0,3.3,55.83
2018-03-30,2018,3,Mar,1,13,Daily,5.33,4.46,9.0,42.0,33.0,8.0,3.0,2.0,106.78999999999999
2018-03-31,2018,3,Mar,1,13,Daily,9.0,2.99,2.0,50.0,8.0,0.0,3.0,4.0,78.99000000000001
2018-04-01,2018,4,Apr,2,13,Daily,6.83,3.34,0.0,37.0,19.0,1.0,22.0,5.0,94.17
2018-04-02,2018,4,Apr,2,14,Daily,5.66,4.396,6.3,30.0,31.0,0.0,10.0,10.0,97.356
2018-04-03,2018,4,Apr,2,14,Daily,1.0,2.529,2.0,38.0,10.0,6.0,5.0,3.5,68.029
2018-04-04,2018,4,Apr,2,14,Daily,6.01,5.2,3.0,29.0,9.0,0.0,1.0,8.0,61.21
2018-04-05,2018,4,Apr,2,14,Daily,6.33,3.67,5.4,39.0,16.0,1.0,16.0,3.0,90.4
2018-04-06,2018,4,Apr,2,14,Daily,3.67,3.0,4.2,33.525,13.0,0.0,23.0,5.0,85.395
2018-04-07,2018,4,Apr,2,14,Daily,16.18,4.506,2.0,40.0,4.0,0.0,5.0,7.0,78.686
2018-04-08,2018,4,Apr,2,14,Daily,0.0,0.0,0.0,0.0,0.0,0.0,0.0,0.0,0.0
2018-04-09,2018,4,Apr,2,15,Daily,5.0,3.0,6.0,25.0,6.0,0.0,10.0,6.0,61.0
2018-04-10,2018,4,Apr,2,15,Daily,2.0,3.067,2.0,38.3,18.0,3.0,7.0,10.0,83.36699999999999
2018-04-11,2018,4,Apr,2,15,Daily,6.67,3.01,2.0,28.0,12.0,0.0,3.0,11.0,65.68
2018-04-12,2018,4,Apr,2,15,Daily,5.0,4.759,3.5,17.4,9.0,0.0,6.0,4.5,50.159
2018-04-13,2018,4,Apr,2,15,Daily,4.5,2.033,5.0,23.0,12.0,0.0,23.0,4.0,73.533
2018-04-14,2018,4,Apr,2,15,Daily,8.0,3.68,2.0,24.0,2.0,0.0,3.0,12.0,54.68
2018-04-15,2018,4,Apr,2,15,Daily,7.66,2.759,3.0,20.0,5.0,0.0,0.0,6.0,44.419
2018-04-16,2018,4,Apr,2,16,Daily,2.0,6.02,0.25,40.5,9.0,0.0,4.0,3.0,64.77
2018-04-17,2018,4,Apr,2,16,Daily,3.34,1.406,0.15,16.0,10.0,0.0,6.0,6.0,42.896
2018-04-18,2018,4,Apr,2,16,Daily,5.0,0.54,3.25,25.25,5.0,0.0,7.0,1.0,47.04
2018-04-19,2018,4,Apr,2,16,Daily,5.0,5.67,1.0,31.375,3.0,0.0,1.0,7.0,54.045
2018-04-20,2018,4,Apr,2,16,Daily,5.0,4.506,0.0,15.0,10.0,0.0,6.0,9.0,49.506
2018-04-21,2018,4,Apr,2,16,Daily,3.5,3.439,2.0,40.4,7.0,0.0,4.0,6.2,66.539
2018-04-22,2018,4,Apr,2,16,Daily,6.0,5.09,3.5,42.5,7.0,0.0,0.0,6.5,70.59
2018-04-23,2018,4,Apr,2,17,Daily,7.0,0.693,1.0,15.562,7.0,0.0,2.0,9.0,42.254999999999995
2018-04-24,2018,4,Apr,2,17,Daily,6.0,4.462,6.0,20.0,9.0,0.0,1.0,12.0,58.462
2018-04-25,2018,4,Apr,2,17,Daily,9.0,7.66,5.0,18.1,8.0,2.0,30.0,9.0,88.76
2018-04-26,2018,4,Apr,2,17,Daily,5.33,1.099,2.0,18.0,8.0,0.0,7.0,5.0,46.429
2018-04-27,2018,4,Apr,2,17,Daily,6.68,3.529,3.0,43.0,12.0,0.0,6.0,4.0,78.209
2018-04-28,2018,4,Apr,2,17,Daily,9.33,2.0,2.05,27.25,11.0,1.0,6.0,7.0,65.63
2018-04-29,2018,4,Apr,2,17,Daily,7.33,6.0,6.0,14.0,5.0,0.0,14.0,10.4,62.73
2018-04-30,2018,4,Apr,2,18,Daily,5.0,6.66,3.0,14.125,12.0,0.0,1.0,7.0,48.785
2018-05-01,2018,5,May,2,18,Daily,2.34,0.0,1.0,6.2,0.0,0.0,1.0,8.0,18.54
2018-05-02,2018,5,May,2,18,Daily,6.0,3.526,2.0,38.2,7.0,0.0,3.0,9.0,68.726
2018-05-03,2018,5,May,2,18,Daily,2.33,1.779,2.0,27.262,10.0,0.0,16.0,10.0,69.37100000000001
2018-05-04,2018,5,May,2,18,Daily,1.0,2.93,5.0,8.75,6.0,0.0,2.0,10.5,36.18
2018-05-05,2018,5,May,2,18,Daily,9.0,3.34,5.0,24.0,9.0,0.0,0.0,7.0,57.34
2018-05-06,2018,5,May,2,18,Daily,3.34,10.66,0.25,18.2,9.0,0.0,3.0,13.5,57.95
2018-05-07,2018,5,May,2,19,Daily,9.66,0.033,0.0,22.0,13.0,0.0,7.0,3.0,54.693
2018-05-08,2018,5,May,2,19,Daily,10.5,5.84,1.0,15.0,14.0,2.0,1.0,9.0,58.34
2018-05-09,2018,5,May,2,19,Daily,9.34,2.33,7.0,24.4,8.0,2.0,2.0,5.0,60.07
2018-05-10,2018,5,May,2,19,Daily,8.5,5.32,6.0,39.0,12.0,0.0,1.0,6.0,77.82
2018-05-11,2018,5,May,2,19,Daily,9.33,1.34,3.0,19.0,6.0,0.0,2.0,10.0,50.67
2018-05-12,2018,5,May,2,19,Daily,1.33,3.66,5.15,27.0,10.0,0.0,11.0,8.0,66.14
2018-05-13,2018,5,May,2,19,Daily,5.16,5.759,3.0,14.4,3.0,0.0,7.0,10.0,48.319
2018-05-14,2018,5,May,2,20,Daily,6.0,6.539,1.0,20.0,4.0,1.0,37.0,3.0,78.539
2018-05-15,2018,5,May,2,20,Daily,4.0,0.67,2.0,14.0,11.0,0.0,5.0,7.0,43.67
2018-05-16,2018,5,May,2,20,Daily,4.01,2.33,2.5,13.4,9.0,0.0,2.0,8.0,41.24
2018-05-17,2018,5,May,2,20,Daily,2.0,2.78,3.5,16.0,11.0,0.0,1.0,4.0,40.28
2018-05-18,2018,5,May,2,20,Daily,2.34,1.396,6.0,30.0,11.0,0.0,2.0,2.4,55.136
2018-05-19,2018,5,May,2,20,Daily,2.34,2.561,1.0,18.4,7.0,5.0,0.0,5.0,41.301
2018-05-20,2018,5,May,2,20,Daily,7.0,8.01,1.0,45.0,6.0,1.0,0.0,10.0,78.00999999999999
2018-05-21,2018,5,May,2,21,Daily,12.0,2.759,2.15,14.6,18.0,0.0,11.0,5.0,65.509
2018-05-22,2018,5,May,2,21,Daily,3.67,2.33,3.0,8.062,7.0,0.0,6.0,6.0,36.062
2018-05-23,2018,5,May,2,21,Daily,1.5,3.66,0.0,11.0,7.0,0.0,0.0,7.0,30.16
2018-05-24,2018,5,May,2,21,Daily,2.0,1.99,5.0,20.2,6.0,1.0,10.0,1.0,47.19
2018-05-25,2018,5,May,2,21,Daily,2.33,2.33,2.0,16.4,9.0,0.0,1.0,2.0,35.06
2018-05-26,2018,5,May,2,21,Daily,3.33,2.759,7.0,16.262,7.0,0.0,3.0,5.0,44.351
2018-05-27,2018,5,May,2,21,Daily,6.33,4.518,5.0,49.262,6.0,1.0,0.0,11.0,83.11
2018-05-28,2018,5,May,2,22,Daily,7.0,3.01,1.2,19.6,7.0,0.0,7.0,6.0,50.81
2018-05-29,2018,5,May,2,22,Daily,9.0,4.033,3.3,21.25,7.0,0.0,4.0,6.0,54.583
2018-05-30,2018,5,May,2,22,Daily,4.34,1.67,2.0,16.4,9.0,0.0,14.0,10.0,57.41
2018-05-31,2018,5,May,2,22,Daily,3.5,3.66,1.35,11.4,10.0,0.0,8.0,5.64,43.55
2018-06-01,2018,6,Jun,2,22,Daily,12.33,2.18,4.0,29.0,9.0,0.0,5.0,3.0,64.50999999999999
2018-06-02,2018,6,Jun,2,22,Daily,8.0,3.086,4.0,23.0,9.0,3.0,7.0,9.0,66.086
2018-06-03,2018,6,Jun,2,22,Daily,5.0,2.746,1.0,22.4,8.0,1.0,0.0,2.0,42.146
2018-06-04,2018,6,Jun,2,23,Daily,3.33,3.0,6.0,19.0,3.0,0.0,6.0,6.0,46.33
2018-06-05,2018,6,Jun,2,23,Daily,4.33,3.67,1.05,20.0,7.0,2.0,0.0,7.0,45.05
2018-06-06,2018,6,Jun,2,23,Daily,6.0,2.34,0.15,17.25,16.0,3.0,0.0,2.0,46.74
2018-06-07,2018,6,Jun,2,23,Daily,2.0,4.528,0.25,19.0,11.0,1.0,10.0,2.0,49.778
2018-06-08,2018,6,Jun,2,23,Daily,4.0,1.33,2.0,9.0,6.0,0.0,2.0,4.4,28.729999999999997
2018-06-09,2018,6,Jun,2,23,Daily,8.0,6.462,3.0,21.0,11.0,0.0,5.0,0.0,54.462
2018-06-10,2018,6,Jun,2,23,Daily,2.66,4.693,5.0,33.2,7.0,0.0,0.0,3.0,55.553000000000004
2018-06-11,2018,6,Jun,2,24,Daily,8.0,8.33,3.1,17.0,17.0,0.0,0.0,6.0,59.43
2018-06-12,2018,6,Jun,2,24,Daily,2.34,4.5,4.0,18.186,3.0,0.0,1.0,7.4,40.425999999999995
2018-06-13,2018,6,Jun,2,24,Daily,12.0,4.33,1.2,22.25,1.0,0.0,0.0,2.0,42.78
2018-06-14,2018,6,Jun,2,24,Daily,0.0,1.0,1.0,22.0,11.0,0.0,0.0,2.0,37.0
2018-06-15,2018,6,Jun,2,24,Daily,1.0,0.066,0.3,11.133,10.0,0.0,8.0,2.0,32.498999999999995
2018-06-16,2018,6,Jun,2,24,Daily,3.34,6.383,5.0,10.0,5.0,0.0,2.0,7.0,38.723
2018-06-17,2018,6,Jun,2,24,Daily,4.84,6.586,6.0,24.0,10.0,0.0,5.0,4.0,60.426
2018-06-18,2018,6,Jun,2,25,Daily,4.5,1.33,2.1,14.0,4.0,0.0,1.0,6.0,32.93
2018-06-19,2018,6,Jun,2,25,Daily,4.0,3.34,4.0,23.0,8.0,0.0,5.0,3.0,50.34
2018-06-20,2018,6,Jun,2,25,Daily,3.66,4.528,2.5,15.062,8.0,3.0,11.0,2.6,50.35
2018-06-21,2018,6,Jun,2,25,Daily,3.35,2.913,4.0,36.0,5.0,0.0,5.0,10.5,66.763
2018-06-22,2018,6,Jun,2,25,Daily,5.0,5.099,4.15,12.0,3.0,0.0,6.0,5.5,40.749
2018-06-23,2018,6,Jun,2,25,Daily,5.33,7.343,2.0,14.0,7.0,0.0,1.0,2.0,38.673
2018-06-24,2018,6,Jun,2,25,Daily,1.67,4.746,2.0,29.0,10.0,0.0,0.0,3.0,50.416
2018-06-25,2018,6,Jun,2,26,Daily,3.33,3.099,0.0,31.062,12.0,3.0,5.0,2.0,59.491
2018-06-26,2018,6,Jun,2,26,Daily,10.33,5.67,3.0,15.0,6.0,0.0,9.0,4.4,53.4
2018-06-27,2018,6,Jun,2,26,Daily,2.0,2.396,3.0,11.0,10.0,0.0,2.0,3.0,33.396
2018-06-28,2018,6,Jun,2,26,Daily,3.0,2.192,4.0,10.0,13.0,0.0,5.0,2.0,39.192
2018-06-29,2018,6,Jun,2,26,Daily,1.0,3.0,2.0,10.0,8.0,0.0,0.0,4.0,28.0
2018-06-30,2018,6,Jun,2,26,Daily,6.84,3.34,7.0,26.8,10.0,2.0,0.0,4.0,59.980000000000004
2018-07-01,2018,7,Jul,3,26,Daily,2.0,3.693,1.0,22.0,7.0,0.0,10.0,4.0,49.693
2018-07-02,2018,7,Jul,3,27,Daily,3.33,6.33,3.0,24.6,18.0,0.0,3.0,7.0,65.26
2018-07-03,2018,7,Jul,3,27,Daily,6.34,2.33,1.0,13.6,9.0,0.0,8.0,3.0,43.269999999999996
2018-07-04,2018,7,Jul,3,27,Daily,1.0,2.83,3.5,16.25,6.0,0.0,22.0,7.0,58.58
2018-07-05,2018,7,Jul,3,27,Daily,4.33,2.759,4.0,15.0,6.0,3.0,3.0,1.0,39.089
2018-07-06,2018,7,Jul,3,27,Daily,2.33,5.33,1.25,20.0,15.0,0.0,0.0,6.0,49.91
2018-07-07,2018,7,Jul,3,27,Daily,6.33,8.52,7.0,19.0,14.0,0.0,0.0,5.5,60.35
2018-07-08,2018,7,Jul,3,27,Daily,7.33,5.211,2.0,28.0,10.0,0.0,5.0,4.0,61.541
2018-07-09,2018,7,Jul,3,28,Daily,3.33,2.0,4.0,31.0,12.0,3.0,0.0,3.0,58.33
2018-07-10,2018,7,Jul,3,28,Daily,6.0,6.36,4.0,34.0,9.0,2.0,2.0,4.0,67.36
2018-07-11,2018,7,Jul,3,28,Daily,10.0,3.363,3.0,29.4,13.0,0.0,6.0,2.0,66.763
2018-07-12,2018,7,Jul,3,28,Daily,3.0,4.34,7.0,24.0,11.0,4.0,0.0,3.0,56.34
2018-07-13,2018,7,Jul,3,28,Daily,1.34,2.67,1.15,22.0,5.0,0.0,2.0,3.0,37.16
2018-07-14,2018,7,Jul,3,28,Daily,0.0,3.2,0.0,26.0,8.0,0.0,0.0,1.4,38.6
2018-07-15,2018,7,Jul,3,28,Daily,10.0,9.42,3.5,23.0,4.0,0.0,1.0,7.0,57.92
2018-07-16,2018,7,Jul,3,29,Daily,9.33,5.023,1.0,22.0,8.0,0.0,0.0,3.0,48.353
2018-07-17,2018,7,Jul,3,29,Daily,2.33,3.66,2.0,29.4,13.0,0.0,0.0,6.0,56.39
2018-07-18,2018,7,Jul,3,29,Daily,2.5,2.837,5.0,10.0,17.0,0.0,12.0,6.0,55.337
2018-07-19,2018,7,Jul,3,29,Daily,6.84,4.0,3.0,16.0,14.0,1.0,0.0,3.0,47.84
2018-07-20,2018,7,Jul,3,29,Daily,5.0,7.177,5.0,35.2,2.0,1.0,2.0,4.0,61.377
2018-07-21,2018,7,Jul,3,29,Daily,4.0,5.02,0.3,22.0,7.0,0.0,5.0,1.0,44.32
2018-07-22,2018,7,Jul,3,29,Daily,3.66,4.34,0.0,31.0,4.0,0.0,5.0,6.0,54.0
2018-07-23,2018,7,Jul,3,30,Daily,8.68,1.863,2.1,12.0,15.0,1.0,0.0,5.3,45.943
2018-07-24,2018,7,Jul,3,30,Daily,9.68,4.0,2.0,22.0,4.0,1.0,2.0,2.0,46.68
2018-07-25,2018,7,Jul,3,30,Daily,5.0,2.68,2.0,16.0,7.0,0.0,0.0,2.0,34.68
2018-07-26,2018,7,Jul,3,30,Daily,4.33,1.827,5.0,24.0,4.0,0.0,1.0,4.0,44.157
2018-07-27,2018,7,Jul,3,30,Daily,2.34,3.34,3.0,19.4,11.0,0.0,1.0,6.0,46.08
2018-07-28,2018,7,Jul,3,30,Daily,6.0,4.01,1.0,24.5,9.0,0.0,0.0,3.0,47.51
2018-07-29,2018,7,Jul,3,30,Daily,3.5,4.35,2.1,9.0,7.0,1.0,0.0,3.0,29.95
2018-07-30,2018,7,Jul,3,31,Daily,3.0,6.33,5.3,26.0,9.0,2.0,0.0,4.0,55.629999999999995
2018-07-31,2018,7,Jul,3,31,Daily,7.33,3.736,3.0,13.0,5.0,0.0,0.0,3.0,35.066
2018-08-01,2018,8,Aug,3,31,Daily,1.0,2.34,1.0,14.0,9.0,1.0,1.0,7.0,36.34
2018-08-02,2018,8,Aug,3,31,Daily,0.0,1.0,0.0,11.0,11.0,0.0,2.0,5.0,30.0
2018-08-03,2018,8,Aug,3,31,Daily,4.01,2.67,2.0,21.0,9.0,0.0,0.0,1.0,39.68
2018-08-04,2018,8,Aug,3,31,Daily,5.0,3.87,2.0,8.0,11.0,3.0,0.0,8.0,40.870000000000005
2018-08-05,2018,8,Aug,3,31,Daily,6.0,0.99,5.0,13.0,4.0,2.0,6.0,1.3,38.29
2018-08-06,2018,8,Aug,3,32,Daily,8.33,6.165,2.0,21.388,7.0,0.0,6.0,2.0,52.883
2018-08-07,2018,8,Aug,3,32,Daily,2.33,2.67,8.0,15.0,7.0,1.0,1.0,3.0,40.0
2018-08-08,2018,8,Aug,3,32,Daily,4.33,2.793,2.0,10.0,13.0,0.0,0.0,2.0,34.123000000000005
2018-08-09,2018,8,Aug,3,32,Daily,2.67,3.066,1.0,29.4,13.0,0.0,0.0,2.0,51.135999999999996
2018-08-10,2018,8,Aug,3,32,Daily,6.0,4.0,4.0,19.0,4.0,0.0,0.0,2.0,39.0
2018-08-11,2018,8,Aug,3,32,Daily,4.0,4.133,6.0,37.0,16.0,1.0,5.0,10.0,83.133
2018-08-12,2018,8,Aug,3,32,Daily,10.99,4.99,6.0,16.0,6.0,0.0,1.0,2.0,46.980000000000004
2018-08-13,2018,8,Aug,3,33,Daily,3.33,5.02,2.0,23.25,15.0,0.0,3.0,2.0,53.6
2018-08-14,2018,8,Aug,3,33,Daily,1.33,2.736,5.0,12.0,9.0,0.0,4.0,5.0,39.066
2018-08-15,2018,8,Aug,3,33,Daily,8.34,4.199,2.0,32.2,13.0,2.0,0.0,1.0,62.739000000000004
2018-08-16,2018,8,Aug,3,33,Daily,3.33,8.729,4.0,27.4,6.0,3.0,5.0,5.0,62.458999999999996
2018-08-17,2018,8,Aug,3,33,Daily,2.33,2.99,2.4,23.0,5.0,1.0,5.0,1.0,42.72
2018-08-18,2018,8,Aug,3,33,Daily,6.33,5.34,0.0,32.1,5.0,1.0,6.0,0.0,55.77
2018-08-19,2018,8,Aug,3,33,Daily,6.33,4.495,1.0,19.9,3.0,0.0,5.0,6.0,45.724999999999994
2018-08-20,2018,8,Aug,3,34,Daily,4.0,5.68,4.2,21.4,7.0,0.0,20.0,3.0,65.28
2018-08-21,2018,8,Aug,3,34,Daily,2.34,3.0,2.15,26.2,4.0,1.0,1.0,4.0,43.69
2018-08-22,2018,8,Aug,3,34,Daily,5.0,4.33,0.0,18.0,4.0,1.0,0.0,4.0,36.33
2018-08-23,2018,8,Aug,3,34,Daily,5.0,4.067,4.0,35.0,8.0,0.0,23.0,3.0,82.06700000000001
2018-08-24,2018,8,Aug,3,34,Daily,4.0,2.34,1.0,38.5,7.0,0.0,21.0,4.0,77.84
2018-08-25,2018,8,Aug,3,34,Daily,3.67,4.01,3.2,27.0,4.0,0.0,6.0,2.5,50.379999999999995
2018-08-26,2018,8,Aug,3,34,Daily,11.33,6.67,4.0,57.0,10.0,0.0,8.0,4.3,101.3
2018-08-27,2018,8,Aug,3,35,Daily,3.34,1.0,9.0,16.0,6.0,0.0,1.0,1.0,37.34
2018-08-28,2018,8,Aug,3,35,Daily,2.0,2.68,1.0,26.4,7.0,1.0,0.0,3.0,43.08
2018-08-29,2018,8,Aug,3,35,Daily,6.67,2.67,1.3,28.5,10.0,1.0,5.0,3.0,58.14
2018-08-30,2018,8,Aug,3,35,Daily,2.33,2.736,3.0,38.0,7.0,0.0,4.0,2.0,59.066
2018-08-31,2018,8,Aug,3,35,Daily,4.34,3.34,0.0,17.2,13.0,1.0,20.0,4.0,62.879999999999995
2018-09-01,2018,9,Sep,3,35,Daily,2.34,0.0,2.2,19.0,6.0,1.0,1.0,2.0,33.54
2018-09-02,2018,9,Sep,3,35,Daily,6.68,5.373,3.0,20.0,5.0,0.0,5.0,2.0,47.053
2018-09-03,2018,9,Sep,3,36,Daily,1.0,2.02,2.0,27.4,12.0,0.0,0.0,4.0,48.42
2018-09-04,2018,9,Sep,3,36,Daily,4.0,1.086,1.0,22.0,7.0,0.0,3.0,2.0,40.086
2018-09-05,2018,9,Sep,3,36,Daily,6.5,3.33,1.5,28.0,11.0,0.0,3.0,2.0,55.33
2018-09-06,2018,9,Sep,3,36,Daily,6.66,4.056,3.0,18.4,13.0,0.0,5.0,0.0,50.116
2018-09-07,2018,9,Sep,3,36,Daily,2.0,1.746,4.0,42.0,6.0,0.0,22.0,7.7,85.44600000000001
2018-09-08,2018,9,Sep,3,36,Daily,10.0,2.34,6.1,35.4,12.0,0.0,10.0,1.0,76.84
2018-09-09,2018,9,Sep,3,36,Daily,4.0,5.944,0.0,50.0,2.0,0.0,0.0,5.0,66.944
2018-09-10,2018,9,Sep,3,37,Daily,7.0,2.406,2.0,49.4,14.0,3.0,1.0,2.0,80.806
2018-09-11,2018,9,Sep,3,37,Daily,9.0,2.726,3.0,50.6,15.0,0.0,6.0,4.0,90.326
2018-09-12,2018,9,Sep,3,37,Daily,4.0,3.0,2.0,35.0,18.0,0.0,5.0,0.0,67.0
2018-09-13,2018,9,Sep,3,37,Daily,2.83,3.086,1.0,20.6,5.0,2.0,12.0,2.0,48.516000000000005
2018-09-14,2018,9,Sep,3,37,Daily,8.0,7.02,4.0,54.0,7.0,0.0,1.0,2.0,83.02
2018-09-15,2018,9,Sep,3,37,Daily,6.0,2.01,4.0,19.7,6.0,0.0,10.0,4.4,52.11
2018-09-16,2018,9,Sep,3,37,Daily,3.33,0.67,3.25,24.25,6.0,1.0,7.0,3.0,48.5
2018-09-17,2018,9,Sep,3,38,Daily,3.0,2.33,3.75,44.4,10.0,1.0,5.0,0.0,69.47999999999999
2018-09-18,2018,9,Sep,3,38,Daily,4.34,3.0,3.7,20.0,6.0,0.0,1.0,5.0,43.04
2018-09-19,2018,9,Sep,3,38,Daily,6.0,3.68,2.0,26.0,10.0,0.0,9.0,7.0,63.68
2018-09-20,2018,9,Sep,3,38,Daily,2.0,4.067,2.0,24.2,13.0,1.0,0.0,5.0,51.266999999999996
2018-09-21,2018,9,Sep,3,38,Daily,4.66,5.837,1.0,33.1,10.0,0.0,1.0,3.0,58.597
2018-09-22,2018,9,Sep,3,38,Daily,6.0,3.833,1.5,31.6,6.0,1.0,23.0,3.0,75.93299999999999
2018-09-23,2018,9,Sep,3,38,Daily,7.34,9.439,3.25,42.862,9.0,0.0,8.0,5.0,84.891
2018-09-24,2018,9,Sep,3,39,Daily,7.33,3.67,5.5,53.8,7.0,0.0,9.0,2.0,88.3
2018-09-25,2018,9,Sep,3,39,Daily,6.0,4.736,3.3,53.85,11.0,0.0,22.0,2.0,102.886
2018-09-26,2018,9,Sep,3,39,Daily,3.0,9.0,6.0,41.4,9.0,1.0,0.0,3.0,72.4
2018-09-27,2018,9,Sep,3,39,Daily,4.0,6.567,4.6,19.0,11.0,0.0,7.0,3.0,55.167
2018-09-28,2018,9,Sep,3,39,Daily,2.0,4.68,3.7,40.6,3.0,0.0,5.0,3.0,61.980000000000004
2018-09-29,2018,9,Sep,3,39,Daily,3.5,5.33,2.15,57.7,4.0,0.0,21.0,1.0,94.68
2018-09-30,2018,9,Sep,3,39,Daily,11.01,2.01,2.0,54.0,9.0,1.0,3.0,3.0,85.02
2018-10-01,2018,10,Oct,4,40,Daily,3.0,4.932,1.0,53.0,10.0,0.0,21.0,3.0,95.932
2018-10-02,2018,10,Oct,4,40,Daily,6.0,3.91,3.5,18.6,7.0,0.0,6.0,0.0,45.010000000000005
2018-10-03,2018,10,Oct,4,40,Daily,6.0,3.33,3.0,34.9,12.0,2.0,5.0,4.0,70.22999999999999
2018-10-04,2018,10,Oct,4,40,Daily,6.0,3.36,2.0,32.0,12.0,1.0,5.0,0.0,61.36
2018-10-05,2018,10,Oct,4,40,Daily,4.84,3.397,1.1,22.8,7.0,0.0,14.0,1.0,54.137
2018-10-06,2018,10,Oct,4,40,Daily,2.0,5.36,3.2,59.25,4.0,0.0,3.0,0.1,76.91
2018-10-07,2018,10,Oct,4,40,Daily,2.68,7.35,2.0,42.4,8.0,0.0,9.0,1.0,72.43
2018-10-08,2018,10,Oct,4,41,Daily,4.0,1.68,3.0,30.0,18.0,5.0,0.0,3.0,64.68
2018-10-09,2018,10,Oct,4,41,Daily,2.0,1.67,1.0,30.0,18.0,0.0,29.0,1.0,82.67
2018-10-10,2018,10,Oct,4,41,Daily,9.0,8.01,4.1,41.2,13.0,0.0,20.0,2.0,97.31
2018-10-11,2018,10,Oct,4,41,Daily,2.0,2.33,2.1,31.0,15.0,0.0,0.0,1.0,53.43
2018-10-12,2018,10,Oct,4,41,Daily,6.33,4.363,1.0,26.0,6.0,0.0,1.0,6.0,50.693
2018-10-13,2018,10,Oct,4,41,Daily,6.99,4.507,3.25,29.6,8.0,0.0,6.0,3.0,61.347
2018-10-14,2018,10,Oct,4,41,Daily,2.34,6.01,6.2,51.7,9.0,2.0,0.0,6.0,83.25
2018-10-15,2018,10,Oct,4,42,Daily,7.17,0.066,3.0,47.6,12.0,0.0,5.0,6.0,80.836
2018-10-16,2018,10,Oct,4,42,Daily,6.0,5.322,2.0,27.3,5.0,3.0,6.0,0.0,54.622
2018-10-17,2018,10,Oct,4,42,Daily,2.33,6.0,4.0,52.2,5.0,0.0,1.0,4.0,74.53
2018-10-18,2018,10,Oct,4,42,Daily,4.34,3.0,1.1,14.0,9.0,1.0,10.0,5.0,47.44
2018-10-19,2018,10,Oct,4,42,Daily,4.0,2.066,0.0,10.6,5.0,2.0,6.0,4.0,33.666
2018-10-20,2018,10,Oct,4,42,Daily,2.34,2.02,2.0,33.0,9.0,0.0,34.0,5.0,87.36
2018-10-21,2018,10,Oct,4,42,Daily,6.67,8.69,1.0,56.3,5.0,3.0,5.0,1.0,86.66
2018-10-22,2018,10,Oct,4,43,Daily,2.66,7.01,3.3,18.8,8.0,0.0,28.0,1.3,69.07
2018-10-23,2018,10,Oct,4,43,Daily,2.34,2.0,0.45,44.8,9.0,1.0,11.0,3.0,73.59
2018-10-24,2018,10,Oct,4,43,Daily,4.0,2.109,5.0,37.2,7.0,0.0,10.0,1.5,66.809
2018-10-25,2018,10,Oct,4,43,Daily,5.33,5.429,3.0,52.2,12.0,0.0,33.0,3.0,113.959
2018-10-26,2018,10,Oct,4,43,Daily,4.0,5.373,4.6,44.0,14.0,1.0,14.0,1.0,87.973
2018-10-27,2018,10,Oct,4,43,Daily,8.34,3.426,2.2,49.975,12.0,1.0,7.0,2.0,85.941
2018-10-28,2018,10,Oct,4,43,Daily,5.33,5.33,1.6,53.75,9.0,3.0,13.0,3.0,94.01
2018-10-29,2018,10,Oct,4,44,Daily,5.35,2.67,2.35,32.8,5.0,0.0,10.0,3.0,61.169999999999995
2018-10-30,2018,10,Oct,4,44,Daily,9.33,4.0,1.0,18.2,7.0,0.0,13.0,1.0,53.53
2018-10-31,2018,10,Oct,4,44,Daily,2.0,4.68,3.0,34.1,7.0,0.0,2.0,2.0,54.78
2018-11-01,2018,11,Nov,4,44,Daily,7.84,0.34,3.0,25.0,6.0,3.0,7.0,0.0,52.18
2018-11-02,2018,11,Nov,4,44,Daily,5.14,1.845,0.0,32.6,8.2,0.0,1.0,3.3,52.084999999999994
2018-11-03,2018,11,Nov,4,44,Daily,3.0,3.0,6.2,45.4,2.0,0.0,0.0,2.0,61.599999999999994
2018-11-04,2018,11,Nov,4,44,Daily,13.99,4.896,0.0,52.0,7.0,0.0,13.0,1.0,91.886
2018-11-05,2018,11,Nov,4,45,Daily,6.33,2.34,6.0,29.0,14.0,0.0,13.0,2.3,72.97
2018-11-06,2018,11,Nov,4,45,Daily,3.33,6.68,10.55,37.7,8.0,0.0,13.0,2.5,81.76
2018-11-07,2018,11,Nov,4,45,Daily,7.0,1.863,3.0,38.9,15.0,3.0,8.0,0.0,76.763
2018-11-08,2018,11,Nov,4,45,Daily,3.0,1.573,6.0,38.0,5.0,0.0,16.0,2.0,71.57300000000001
2018-11-09,2018,11,Nov,4,45,Daily,5.0,0.67,5.0,43.0,7.0,1.0,22.0,0.0,83.67
2018-11-10,2018,11,Nov,4,45,Daily,4.33,2.417,2.0,35.6,7.0,1.0,11.0,1.1,64.447
2018-11-11,2018,11,Nov,4,45,Daily,11.0,4.246,2.0,33.65,14.0,0.0,10.0,1.0,75.896
2018-11-12,2018,11,Nov,4,46,Daily,2.34,2.33,7.0,35.0,15.0,2.0,24.0,1.0,88.67
2018-11-13,2018,11,Nov,4,46,Daily,6.33,5.35,6.0,29.7,18.0,0.0,18.0,3.0,86.38
2018-11-14,2018,11,Nov,4,46,Daily,5.66,4.67,3.0,28.4,9.0,0.0,0.0,0.0,50.73
2018-11-15,2018,11,Nov,4,46,Daily,2.0,4.083,2.0,49.6,3.0,2.0,29.0,0.0,91.68299999999999
2018-11-16,2018,11,Nov,4,46,Daily,8.33,2.66,4.0,21.5,6.0,0.0,6.0,0.4,48.89
2018-11-17,2018,11,Nov,4,46,Daily,8.0,2.34,1.0,39.0,5.0,0.0,13.0,2.0,70.34
2018-11-18,2018,11,Nov,4,46,Daily,4.68,4.68,5.0,32.9,7.0,1.0,10.0,1.0,66.25999999999999
2018-11-19,2018,11,Nov,4,47,Daily,6.01,2.44,2.0,47.2,6.0,3.0,3.0,0.0,69.65
2018-11-20,2018,11,Nov,4,47,Daily,5.33,3.803,4.0,31.5,4.0,1.0,10.0,3.0,62.632999999999996
2018-11-21,2018,11,Nov,4,47,Daily,7.0,2.34,3.25,22.0,5.0,0.0,5.0,1.0,45.59
2018-11-22,2018,11,Nov,4,47,Daily,8.0,7.066,3.0,22.4,9.0,0.0,15.0,2.0,66.466
2018-11-23,2018,11,Nov,4,47,Daily,6.0,4.472,3.0,29.6,13.0,1.0,24.0,3.0,84.072
2018-11-24,2018,11,Nov,4,47,Daily,5.66,5.78,5.0,29.2,11.0,0.0,7.0,0.3,63.94
2018-11-25,2018,11,Nov,4,47,Daily,5.33,3.593,3.15,19.1,6.0,1.0,3.0,2.0,43.173
2018-11-26,2018,11,Nov,4,48,Daily,5.33,2.34,2.0,36.3,15.0,1.0,16.0,3.0,80.97
2018-11-27,2018,11,Nov,4,48,Daily,8.0,4.67,2.0,41.5,2.0,0.0,5.0,2.0,65.17
2018-11-28,2018,11,Nov,4,48,Daily,3.0,5.67,1.0,24.4,15.0,2.0,8.0,4.0,63.07
2018-11-29,2018,11,Nov,4,48,Daily,4.33,4.32,1.0,22.6,7.0,0.0,1.0,3.0,43.25
2018-11-30,2018,11,Nov,4,48,Daily,1.0,3.01,1.0,22.4,3.0,0.0,0.0,2.5,32.91
2018-12-01,2018,12,Dec,4,48,Daily,7.0,8.779,2.05,41.0,7.0,3.0,13.0,2.0,83.82900000000001
2018-12-02,2018,12,Dec,4,48,Daily,3.17,5.779,10.0,65.7,6.0,0.0,27.0,8.0,125.649
2018-12-03,2018,12,Dec,4,49,Daily,6.0,5.083,2.1,44.0,13.0,0.0,13.0,1.0,84.18299999999999
2018-12-04,2018,12,Dec,4,49,Daily,2.5,3.0,3.0,32.2,11.0,0.0,5.0,3.0,59.7
2018-12-05,2018,12,Dec,4,49,Daily,5.33,3.726,3.5,41.3,13.0,0.0,15.0,2.0,83.856
2018-12-06,2018,12,Dec,4,49,Daily,0.0,0.0,0.0,0.0,0.0,0.0,0.0,0.0,0.0
2018-12-07,2018,12,Dec,4,49,Daily,5.0,3.01,3.0,47.4,14.0,0.0,12.0,3.0,87.41
2018-12-08,2018,12,Dec,4,49,Daily,0.0,0.0,0.0,0.0,0.0,0.0,0.0,0.0,0.0
2018-12-09,2018,12,Dec,4,49,Daily,4.66,6.69,4.1,57.7,9.0,0.0,11.0,0.0,93.15
2018-12-10,2018,12,Dec,4,50,Daily,4.0,5.0,1.5,23.8,12.0,1.0,7.0,1.0,55.3
2018-12-11,2018,12,Dec,4,50,Daily,4.0,4.01,8.35,28.0,12.0,3.0,2.0,5.5,66.86
2018-12-12,2018,12,Dec,4,50,Daily,4.33,2.0,3.0,37.6,11.0,0.0,21.0,0.0,78.93
2018-12-13,2018,12,Dec,4,50,Daily,3.68,2.243,3.0,47.5,6.0,0.0,6.0,0.0,68.423
2018-12-14,2018,12,Dec,4,50,Daily,2.0,2.0,0.2,23.4,2.0,1.0,29.0,1.0,60.599999999999994
2018-12-15,2018,12,Dec,4,50,Daily,4.0,2.34,3.45,62.4,5.0,0.0,26.0,2.3,105.49
2018-12-16,2018,12,Dec,4,50,Daily,1.33,4.32,0.2,27.0,3.0,0.0,7.0,1.0,43.85
2018-12-17,2018,12,Dec,4,51,Daily,6.34,2.01,5.0,53.0,6.0,1.0,22.0,2.0,97.35
2018-12-18,2018,12,Dec,4,51,Daily,0.33,2.473,1.0,34.5,12.0,3.0,9.0,2.0,64.303
2018-12-19,2018,12,Dec,4,51,Daily,0.0,0.0,0.0,0.0,0.0,0.0,0.0,0.0,0.0
2018-12-20,2018,12,Dec,4,51,Daily,8.34,1.66,1.0,27.0,12.0,3.0,1.0,0.0,54.0
2018-12-21,2018,12,Dec,4,51,Daily,2.0,1.35,0.0,35.0,12.0,1.0,13.0,1.0,65.35
2018-12-22,2018,12,Dec,4,51,Daily,8.34,3.34,4.5,43.4,3.0,1.0,0.0,0.0,63.58
2018-12-23,2018,12,Dec,4,51,Daily,12.33,6.406,2.3,47.7,8.0,0.0,13.0,4.0,93.736
2018-12-24,2018,12,Dec,4,52,Daily,8.67,4.35,1.0,32.0,20.0,0.0,8.0,1.0,75.02
2018-12-25,2018,12,Dec,4,52,Daily,8.0,6.076,5.1,42.6,9.0,3.0,21.0,2.0,96.77600000000001
2018-12-26,2018,12,Dec,4,52,Daily,1.0,0.66,2.15,50.0,8.0,1.0,13.0,2.0,77.81
2018-12-27,2018,12,Dec,4,52,Daily,3.68,3.01,3.05,40.6,8.0,0.0,7.0,0.0,65.34
2018-12-28,2018,12,Dec,4,52,Daily,11.67,5.845,1.0,56.4,11.0,6.0,9.0,0.0,100.91499999999999
2018-12-29,2018,12,Dec,4,52,Daily,6.68,5.611,1.0,68.35,5.0,0.0,7.0,2.0,95.64099999999999
2018-12-30,2018,12,Dec,4,52,Daily,5.33,7.593,5.0,59.9,6.0,0.0,31.0,3.3,118.123
2018-12-31,2018,12,Dec,4,1,Daily,8.0,4.66,5.2,44.5,10.0,0.0,6.0,4.0,82.36
2019-01-01,2019,1,Jan,1,1,Daily,0.0,0.0,0.0,0.0,0.0,0.0,0.0,0.0,0.0
2019-01-02,2019,1,Jan,1,1,Daily,5.33,4.397,4.15,36.8,4.0,0.0,9.0,2.0,65.67699999999999
2019-01-03,2019,1,Jan,1,1,Daily,4.33,4.836,6.25,42.4,6.0,0.0,9.0,0.0,72.816
2019-01-04,2019,1,Jan,1,1,Daily,7.0,3.67,2.6,55.8,10.0,0.0,0.0,1.0,80.07
2019-01-05,2019,1,Jan,1,1,Daily,8.01,3.69,3.1,62.75,10.0,0.0,30.0,1.0,118.55
2019-01-06,2019,1,Jan,1,1,Daily,8.33,10.01,2.25,47.4,11.0,2.0,0.0,3.0,83.99
2019-01-07,2019,1,Jan,1,2,Daily,0.0,0.0,0.0,0.0,0.0,0.0,0.0,0.0,0.0
2019-01-08,2019,1,Jan,1,2,Daily,4.34,3.32,0.0,41.8,6.0,0.0,10.0,2.0,67.46
2019-01-09,2019,1,Jan,1,2,Daily,3.0,1.33,2.0,64.8,24.0,3.0,10.0,1.0,109.13
2019-01-10,2019,1,Jan,1,2,Daily,8.0,3.58,5.6,39.1,12.0,2.0,13.0,1.0,84.28
2019-01-11,2019,1,Jan,1,2,Daily,5.33,7.34,3.0,61.6,12.0,0.0,6.0,0.0,95.27
2019-01-12,2019,1,Jan,1,2,Daily,6.66,7.02,5.0,74.5,21.2,0.0,10.0,0.0,124.38000000000001
2019-01-13,2019,1,Jan,1,2,Daily,8.33,5.814,4.6,73.0,4.0,1.0,1.0,2.0,99.744
2019-01-14,2019,1,Jan,1,3,Daily,9.0,9.7,3.0,51.0,10.0,0.0,18.0,0.0,100.7
2019-01-15,2019,1,Jan,1,3,Daily,4.33,4.33,3.65,30.4,9.0,0.0,19.0,1.0,71.71000000000001
2019-01-16,2019,1,Jan,1,3,Daily,7.5,5.066,6.0,48.8,12.0,0.0,17.0,5.0,101.366
2019-01-17,2019,1,Jan,1,3,Daily,5.34,3.68,3.7,55.6,10.0,3.0,8.0,1.0,90.32
2019-01-18,2019,1,Jan,1,3,Daily,6.33,6.439,4.0,27.8,13.0,0.0,24.0,2.0,83.569
2019-01-19,2019,1,Jan,1,3,Daily,7.02,8.391,5.5,77.4,9.0,0.0,1.0,3.0,111.311
2019-01-20,2019,1,Jan,1,3,Daily,11.67,14.463,2.1,93.05,6.0,0.0,34.0,1.0,162.28300000000002
2019-01-21,2019,1,Jan,1,4,Daily,4.34,5.825,0.0,67.15,11.0,0.0,31.0,0.0,119.315
2019-01-22,2019,1,Jan,1,4,Daily,6.83,7.076,1.0,74.9,13.0,1.0,7.0,0.0,110.80600000000001
2019-01-23,2019,1,Jan,1,4,Daily,3.33,8.463,7.1,58.4,4.0,0.0,23.0,2.0,106.293
2019-01-24,2019,1,Jan,1,4,Daily,4.0,4.495,6.0,47.3,7.0,4.0,2.0,3.0,77.795
2019-01-25,2019,1,Jan,1,4,Daily,2.33,7.18,4.0,32.65,11.0,2.0,11.0,1.0,71.16
2019-01-26,2019,1,Jan,1,4,Daily,7.0,8.459,2.4,97.8,11.0,1.0,13.0,1.0,141.659
2019-01-27,2019,1,Jan,1,4,Daily,10.52,11.745,2.0,100.1,12.0,1.0,6.0,2.0,145.365
2019-01-28,2019,1,Jan,1,5,Daily,8.5,7.109,3.0,45.0,11.0,0.0,28.0,3.0,105.60900000000001
2019-01-29,2019,1,Jan,1,5,Daily,5.0,5.0,3.45,38.8,10.0,2.0,15.0,0.0,79.25
2019-01-30,2019,1,Jan,1,5,Daily,6.33,5.713,2.25,52.312,8.0,0.0,11.0,1.3,86.90499999999999
2019-01-31,2019,1,Jan,1,5,Daily,1.67,11.505,2.0,62.2,8.0,1.0,20.0,2.0,108.375
2019-02-01,2019,2,Feb,1,5,Daily,11.34,1.726,8.0,38.9,9.0,0.0,7.0,3.0,78.966
2019-02-02,2019,2,Feb,1,5,Daily,13.34,12.706,6.2,64.262,8.0,1.0,45.0,0.0,150.508
2019-02-03,2019,2,Feb,1,5,Daily,6.0,9.812,5.75,47.088,10.0,1.0,5.0,4.4,89.05000000000001
2019-02-04,2019,2,Feb,1,6,Daily,6.33,6.68,3.0,47.0,5.0,1.0,12.0,2.0,83.00999999999999
2019-02-05,2019,2,Feb,1,6,Daily,5.33,10.386,3.65,33.8,2.0,0.0,1.0,4.0,60.166
2019-02-06,2019,2,Feb,1,6,Daily,6.34,4.178,2.2,29.0,4.0,0.0,4.0,1.5,51.218
2019-02-07,2019,2,Feb,1,6,Daily,2.33,5.132,4.5,42.6,11.0,0.0,22.0,1.0,88.562
2019-02-08,2019,2,Feb,1,6,Daily,2.0,6.373,7.0,50.2,9.0,3.0,12.0,5.0,94.57300000000001
2019-02-09,2019,2,Feb,1,6,Daily,6.68,7.383,5.0,51.65,10.0,0.0,11.0,1.0,92.713
2019-02-10,2019,2,Feb,1,6,Daily,3.34,7.119,3.35,43.2,9.0,0.0,0.0,1.2,67.209
2019-02-11,2019,2,Feb,1,7,Daily,8.0,7.469,6.15,30.0,10.0,0.0,5.0,3.0,69.619
2019-02-12,2019,2,Feb,1,7,Daily,6.66,3.34,0.0,34.6,8.2,0.0,6.0,0.5,59.3
2019-02-13,2019,2,Feb,1,7,Daily,4.0,4.01,1.0,27.2,16.0,0.0,8.0,2.0,62.21
2019-02-14,2019,2,Feb,1,7,Daily,2.33,6.517,3.15,54.5,9.0,0.0,7.0,3.0,85.497
2019-02-15,2019,2,Feb,1,7,Daily,5.34,5.0,12.5,52.05,16.0,0.0,3.0,2.0,95.89
2019-02-16,2019,2,Feb,1,7,Daily,6.34,6.02,5.0,36.4,8.0,0.0,6.0,3.0,70.75999999999999
2019-02-17,2019,2,Feb,1,7,Daily,2.34,4.416,4.0,15.162,11.2,0.0,0.0,3.1,40.217999999999996
2019-02-18,2019,2,Feb,1,8,Daily,3.34,2.076,3.6,27.4,7.0,0.0,10.0,0.0,53.416
2019-02-19,2019,2,Feb,1,8,Daily,3.33,4.33,1.5,27.4,15.0,2.0,6.0,3.0,62.56
2019-02-20,2019,2,Feb,1,8,Daily,2.34,4.779,3.3,30.6,14.0,0.0,7.0,3.0,65.019
2019-02-21,2019,2,Feb,1,8,Daily,1.66,5.0,2.1,45.4,15.0,1.0,5.0,2.0,77.16
2019-02-22,2019,2,Feb,1,8,Daily,2.33,2.0,1.2,16.0,5.0,0.0,1.0,2.0,29.53
2019-02-23,2019,2,Feb,1,8,Daily,5.01,2.44,3.2,38.2,13.0,0.0,0.0,1.3,63.15
2019-02-24,2019,2,Feb,1,8,Daily,4.34,4.01,1.5,19.0,2.0,0.0,2.0,2.0,34.85
2019-02-25,2019,2,Feb,1,9,Daily,5.34,1.423,3.0,25.2,4.0,2.0,2.0,3.0,45.963
2019-02-26,2019,2,Feb,1,9,Daily,2.33,3.83,5.15,27.0,8.0,0.0,3.0,3.0,52.31
2019-02-27,2019,2,Feb,1,9,Daily,5.0,0.67,1.2,13.4,9.0,0.0,1.0,7.5,37.769999999999996
2019-02-28,2019,2,Feb,1,9,Daily,0.67,3.33,4.0,34.0,2.0,1.0,35.0,3.0,83.0
2019-03-01,2019,3,Mar,1,9,Daily,1.33,3.821,2.5,22.2,12.0,0.0,6.0,2.0,49.851
2019-03-02,2019,3,Mar,1,9,Daily,4.01,1.33,4.0,46.0,9.0,3.0,0.0,5.0,72.34
2019-03-03,2019,3,Mar,1,9,Daily,8.0,4.01,1.0,20.0,5.0,0.0,10.0,0.4,48.41
2019-03-04,2019,3,Mar,1,10,Daily,5.33,2.67,7.0,41.0,3.0,0.0,5.0,2.0,66.0
2019-03-05,2019,3,Mar,1,10,Daily,3.01,2.33,0.2,20.0,8.0,3.0,6.0,5.3,47.839999999999996
2019-03-06,2019,3,Mar,1,10,Daily,0.34,1.396,0.7,31.0,17.0,1.0,5.0,3.0,59.436
2019-03-07,2019,3,Mar,1,10,Daily,7.33,2.076,4.25,10.0,24.0,0.0,0.0,4.0,51.656
2019-03-08,2019,3,Mar,1,10,Daily,2.33,3.34,0.2,33.7,4.0,1.0,0.0,4.3,48.87
2019-03-09,2019,3,Mar,1,10,Daily,6.34,1.67,4.0,45.2,11.0,0.0,7.0,5.0,80.21000000000001
2019-03-10,2019,3,Mar,1,10,Daily,5.83,3.087,5.35,51.0,5.0,0.0,3.0,9.0,82.267
2019-03-11,2019,3,Mar,1,11,Daily,14.66,3.67,2.5,26.4,10.0,3.0,11.0,3.0,74.22999999999999
2019-03-12,2019,3,Mar,1,11,Daily,4.33,3.373,1.5,31.85,12.0,0.0,7.0,2.0,62.053
2019-03-13,2019,3,Mar,1,11,Daily,2.67,4.34,6.0,22.0,10.0,0.0,8.0,4.0,57.01
2019-03-14,2019,3,Mar,1,11,Daily,4.0,5.67,0.2,47.2,12.0,1.0,27.0,6.0,103.07
2019-03-15,2019,3,Mar,1,11,Daily,2.83,1.34,3.0,40.0,7.0,1.0,20.0,5.0,80.17
2019-03-16,2019,3,Mar,1,11,Daily,8.34,0.837,5.0,29.0,9.0,0.0,5.0,7.0,64.17699999999999
2019-03-17,2019,3,Mar,1,11,Daily,6.68,3.723,2.0,55.0,6.0,0.0,10.0,5.0,88.40299999999999
2019-03-18,2019,3,Mar,1,12,Daily,2.33,0.835,2.1,23.0,11.0,0.0,1.0,9.0,49.265
2019-03-19,2019,3,Mar,1,12,Daily,9.0,3.33,1.5,26.2,10.0,1.0,2.0,8.0,61.03
2019-03-20,2019,3,Mar,1,12,Daily,5.67,2.0,2.0,28.9,8.2,0.0,19.0,5.0,70.77
2019-03-21,2019,3,Mar,1,12,Daily,2.33,1.423,0.0,18.8,13.0,0.0,6.0,5.0,46.553
2019-03-22,2019,3,Mar,1,12,Daily,4.66,7.043,1.1,41.0,13.0,0.0,29.0,6.0,101.803
2019-03-23,2019,3,Mar,1,12,Daily,6.0,3.36,4.25,15.5,7.0,0.0,1.0,5.0,42.11
2019-03-24,2019,3,Mar,1,12,Daily,6.0,2.67,3.0,43.2,6.2,1.0,16.0,10.0,88.07000000000001
2019-03-25,2019,3,Mar,1,13,Daily,4.84,4.523,6.0,27.0,11.0,1.0,6.0,6.0,66.363
2019-03-26,2019,3,Mar,1,13,Daily,4.0,5.51,3.0,36.0,11.0,0.0,19.0,9.0,87.50999999999999
2019-03-27,2019,3,Mar,1,13,Daily,6.34,7.769,3.0,25.6,12.0,1.0,0.0,9.0,64.709
2019-03-28,2019,3,Mar,1,13,Daily,1.33,6.43,1.4,14.0,6.0,0.0,7.0,1.0,37.16
2019-03-29,2019,3,Mar,1,13,Daily,3.0,4.298,4.0,25.3,10.0,0.0,16.0,9.2,71.798
2019-03-30,2019,3,Mar,1,13,Daily,4.66,10.68,1.1,18.0,11.0,1.0,0.0,6.1,52.54
2019-03-31,2019,3,Mar,1,13,Daily,7.0,4.564,1.5,27.0,8.0,1.0,5.0,9.2,63.263999999999996
2019-04-01,2019,4,Apr,2,14,Daily,3.01,1.703,3.0,34.65,12.0,0.0,5.0,5.0,64.363
2019-04-02,2019,4,Apr,2,14,Daily,7.67,1.33,3.0,24.0,7.0,0.0,10.0,8.0,61.0
2019-04-03,2019,4,Apr,2,14,Daily,5.33,5.099,1.5,18.3,12.0,0.0,4.0,9.3,55.528999999999996
2019-04-04,2019,4,Apr,2,14,Daily,4.5,2.226,8.0,39.0,8.0,1.0,13.0,15.0,90.726
2019-04-05,2019,4,Apr,2,14,Daily,6.34,4.198,4.0,25.2,7.0,0.0,3.0,4.0,53.738
2019-04-06,2019,4,Apr,2,14,Daily,3.34,6.01,3.0,13.2,13.0,0.0,16.0,9.3,63.849999999999994
2019-04-07,2019,4,Apr,2,14,Daily,6.0,5.119,4.0,19.0,3.0,0.0,0.0,7.0,44.119
2019-04-08,2019,4,Apr,2,15,Daily,5.0,4.35,3.3,10.0,8.2,0.0,4.0,3.0,37.849999999999994
2019-04-09,2019,4,Apr,2,15,Daily,2.83,2.0,1.0,12.0,10.0,0.0,3.0,5.0,35.83
2019-04-10,2019,4,Apr,2,15,Daily,2.34,2.746,2.0,34.0,16.2,3.0,9.0,8.0,77.286
2019-04-11,2019,4,Apr,2,15,Daily,7.33,6.156,2.0,15.9,15.0,0.0,7.0,8.0,61.386
2019-04-12,2019,4,Apr,2,15,Daily,4.33,4.373,4.1,16.6,16.0,0.0,6.0,7.0,58.403
2019-04-13,2019,4,Apr,2,15,Daily,4.5,4.134,1.1,14.0,4.0,0.0,6.0,4.0,37.734
2019-04-14,2019,4,Apr,2,15,Daily,4.0,4.406,1.0,23.0,3.0,1.0,7.0,5.5,48.906
2019-04-15,2019,4,Apr,2,16,Daily,4.66,6.0,5.3,8.8,17.0,2.0,3.0,5.0,51.760000000000005
2019-04-16,2019,4,Apr,2,16,Daily,2.0,2.67,2.0,27.2,12.0,3.0,1.0,3.0,52.87
2019-04-17,2019,4,Apr,2,16,Daily,7.0,4.0,1.25,13.5,11.0,1.0,24.0,5.0,66.75
2019-04-18,2019,4,Apr,2,16,Daily,0.0,0.0,0.0,0.0,0.0,0.0,0.0,0.0,0.0
2019-04-19,2019,4,Apr,2,16,Daily,3.34,2.743,1.5,25.0,17.0,0.0,6.0,2.0,57.583
2019-04-20,2019,4,Apr,2,16,Daily,9.0,3.769,1.5,22.4,12.0,3.0,0.0,6.0,57.669
2019-04-21,2019,4,Apr,2,16,Daily,3.84,4.845,3.0,21.0,11.0,0.0,2.0,12.2,57.885000000000005
2019-04-22,2019,4,Apr,2,17,Daily,8.67,1.66,4.5,51.0,12.0,0.0,31.0,9.0,117.83
2019-04-23,2019,4,Apr,2,17,Daily,9.0,0.34,6.1,18.4,6.0,1.0,4.0,2.0,46.839999999999996
2019-04-24,2019,4,Apr,2,17,Daily,2.34,4.747,3.0,39.1,13.0,3.0,12.0,2.0,79.187
2019-04-25,2019,4,Apr,2,17,Daily,14.01,3.59,2.0,15.0,17.0,1.0,7.0,5.4,65.0
2019-04-26,2019,4,Apr,2,17,Daily,6.34,1.68,3.25,32.6,6.0,0.0,1.0,11.0,61.870000000000005
2019-04-27,2019,4,Apr,2,17,Daily,17.34,2.497,3.1,25.2,13.0,1.0,7.0,7.0,76.137
2019-04-28,2019,4,Apr,2,17,Daily,0.0,0.0,0.0,0.0,0.0,0.0,0.0,0.0,0.0
2019-04-29,2019,4,Apr,2,18,Daily,5.33,6.367,2.6,27.6,5.0,0.0,0.0,3.0,49.897
2019-04-30,2019,4,Apr,2,18,Daily,2.0,1.407,8.0,22.0,13.0,2.0,28.0,8.4,84.807
2019-05-01,2019,5,May,2,18,Daily,2.34,4.02,1.0,8.0,1.0,0.0,1.0,3.0,20.36
2019-05-02,2019,5,May,2,18,Daily,1.68,5.429,5.5,20.0,15.0,1.0,3.0,9.0,60.609
2019-05-03,2019,5,May,2,18,Daily,4.01,2.34,3.0,24.0,11.0,3.0,16.0,8.0,71.35
2019-05-04,2019,5,May,2,18,Daily,9.0,5.43,4.25,25.0,5.0,1.0,16.0,9.0,74.68
2019-05-05,2019,5,May,2,18,Daily,7.0,2.42,4.2,31.0,2.0,0.0,0.0,5.0,51.620000000000005
2019-05-06,2019,5,May,2,19,Daily,4.68,0.066,2.0,23.0,11.0,2.0,9.0,3.0,54.745999999999995
2019-05-07,2019,5,May,2,19,Daily,2.66,5.519,1.0,33.4,19.0,0.0,6.0,5.0,72.57900000000001
2019-05-08,2019,5,May,2,19,Daily,9.0,4.033,3.0,13.0,15.0,2.0,20.0,0.0,66.033
2019-05-09,2019,5,May,2,19,Daily,5.0,2.33,2.1,12.5,10.0,1.0,31.0,4.0,67.93
2019-05-10,2019,5,May,2,19,Daily,5.0,1.34,5.5,11.6,13.0,2.0,26.0,2.0,66.44
2019-05-11,2019,5,May,2,19,Daily,5.34,5.0,5.5,16.8,9.0,0.0,12.0,5.0,58.64
2019-05-12,2019,5,May,2,19,Daily,4.67,1.68,3.1,38.8,2.0,1.0,19.0,5.0,75.25
2019-05-13,2019,5,May,2,20,Daily,5.0,4.527,2.0,26.2,11.0,0.0,11.0,3.0,62.727000000000004
2019-05-14,2019,5,May,2,20,Daily,6.67,4.363,4.0,25.0,5.0,0.0,11.0,3.0,59.033
2019-05-15,2019,5,May,2,20,Daily,4.0,1.066,4.15,28.4,7.0,0.0,5.0,3.0,52.616
2019-05-16,2019,5,May,2,20,Daily,5.0,1.067,2.0,12.0,9.0,1.0,16.29166667,5.0,51.358666670000005
2019-05-17,2019,5,May,2,20,Daily,2.66,1.66,2.4,28.0,18.0,2.0,4.0,2.2,60.92
2019-05-18,2019,5,May,2,20,Daily,10.0,0.34,5.1,14.0,9.0,2.0,5.0,3.0,48.44
2019-05-19,2019,5,May,2,20,Daily,6.67,5.0,4.0,26.4,9.0,0.0,9.0,4.2,64.27
2019-05-20,2019,5,May,2,21,Daily,3.67,6.396,5.0,21.3,11.0,4.0,13.0,5.0,69.366
2019-05-21,2019,5,May,2,21,Daily,5.34,4.0,5.1,17.6,12.2,0.0,1.0,7.0,52.239999999999995
2019-05-22,2019,5,May,2,21,Daily,8.16,2.836,3.15,28.2,8.0,0.0,9.0,5.0,64.346
2019-05-23,2019,5,May,2,21,Daily,2.33,3.34,2.0,26.1,4.0,0.0,10.0,6.0,53.77
2019-05-24,2019,5,May,2,21,Daily,5.34,3.703,3.0,36.2,8.0,1.0,5.0,3.0,65.243
2019-05-25,2019,5,May,2,21,Daily,11.0,3.34,4.1,35.0,4.0,0.0,16.0,2.0,75.44
2019-05-26,2019,5,May,2,21,Daily,6.33,5.31,2.0,30.0,2.6,0.0,11.0,6.0,63.24
2019-05-27,2019,5,May,2,22,Daily,4.67,0.67,1.2,19.0,8.0,0.0,0.0,2.0,35.54
2019-05-28,2019,5,May,2,22,Daily,4.33,3.99,6.3,18.2,10.0,2.0,5.0,6.0,55.82
2019-05-29,2019,5,May,2,22,Daily,5.5,2.34,4.05,15.0,10.0,1.0,0.0,3.0,40.89
2019-05-30,2019,5,May,2,22,Daily,5.0,0.34,3.4,17.2,5.0,0.0,6.0,4.0,40.94
2019-05-31,2019,5,May,2,22,Daily,5.99,3.363,1.0,22.662,2.0,0.0,2.0,5.0,42.015
2019-06-01,2019,6,Jun,2,22,Daily,3.0,1.34,6.0,21.4,1.0,0.0,8.0,4.0,44.739999999999995
2019-06-02,2019,6,Jun,2,22,Daily,4.0,2.66,3.05,28.0,4.0,1.0,6.0,4.0,52.71
2019-06-03,2019,6,Jun,2,23,Daily,0.33,2.505,4.0,15.4,4.0,0.0,5.0,10.0,41.235
2019-06-04,2019,6,Jun,2,23,Daily,6.34,2.823,5.35,28.2,9.0,1.0,12.0,5.0,69.713
2019-06-05,2019,6,Jun,2,23,Daily,5.0,1.77,2.1,26.1,7.0,0.0,1.0,2.0,44.97
2019-06-06,2019,6,Jun,2,23,Daily,7.67,2.076,6.35,27.0,7.0,2.0,11.0,4.0,67.096
2019-06-07,2019,6,Jun,2,23,Daily,6.0,2.67,2.0,22.0,6.0,0.0,16.0,0.0,54.67
2019-06-08,2019,6,Jun,2,23,Daily,3.0,3.66,1.0,22.4,12.0,0.0,0.0,2.1,44.160000000000004
2019-06-09,2019,6,Jun,2,23,Daily,9.33,1.033,8.0,16.5,7.0,4.0,0.0,5.0,50.863
2019-06-10,2019,6,Jun,2,24,Daily,3.0,1.34,2.0,15.0,7.0,0.0,6.0,12.0,46.34
2019-06-11,2019,6,Jun,2,24,Daily,11.34,3.33,10.5,25.0,9.0,0.0,7.0,6.0,72.17
2019-06-12,2019,6,Jun,2,24,Daily,8.0,3.406,1.0,16.2,11.0,0.0,1.0,7.0,47.606
2019-06-13,2019,6,Jun,2,24,Daily,0.68,3.02,0.25,19.4,2.0,0.0,2.0,9.0,36.349999999999994
2019-06-14,2019,6,Jun,2,24,Daily,3.18,3.35,3.0,15.0,2.0,1.0,0.0,6.0,33.53
2019-06-15,2019,6,Jun,2,24,Daily,7.0,3.463,5.0,15.0,13.0,0.0,7.0,8.0,58.463
2019-06-16,2019,6,Jun,2,24,Daily,4.0,5.35,3.0,18.0,2.0,0.0,0.0,9.0,41.35
2019-06-17,2019,6,Jun,2,25,Daily,6.66,4.66,3.0,18.0,6.0,0.0,2.0,2.34,42.66
2019-06-18,2019,6,Jun,2,25,Daily,5.0,4.21,3.0,29.5,8.0,0.0,2.0,12.1,63.81
2019-06-19,2019,6,Jun,2,25,Daily,3.67,3.033,3.0,18.0,6.0,1.0,2.0,5.5,42.203
2019-06-20,2019,6,Jun,2,25,Daily,5.0,4.363,3.0,15.0,9.0,4.0,0.0,4.0,44.363
2019-06-21,2019,6,Jun,2,25,Daily,3.0,2.33,3.0,24.8,8.0,3.0,4.0,6.0,54.13
2019-06-22,2019,6,Jun,2,25,Daily,3.0,4.0,0.0,25.0,11.0,2.0,12.0,5.0,62.0
2019-06-23,2019,6,Jun,2,25,Daily,9.33,4.792,5.5,18.2,1.0,0.0,10.0,1.0,49.822
2019-06-24,2019,6,Jun,2,26,Daily,10.0,4.68,3.1,19.0,9.0,3.0,3.0,7.0,58.78
2019-06-25,2019,6,Jun,2,26,Daily,2.34,2.638,5.0,12.0,10.0,1.0,0.0,3.0,35.978
2019-06-26,2019,6,Jun,2,26,Daily,2.0,3.44,1.0,11.6,5.0,1.0,0.0,5.0,29.04
2019-06-27,2019,6,Jun,2,26,Daily,8.16,6.33,4.0,15.0,5.0,1.0,7.0,2.0,48.49
2019-06-28,2019,6,Jun,2,26,Daily,4.33,1.496,2.0,15.0,5.0,0.0,2.0,3.0,32.826
2019-06-29,2019,6,Jun,2,26,Daily,1.18,5.7,5.0,18.3,2.0,0.0,5.0,2.0,39.18
2019-06-30,2019,6,Jun,2,26,Daily,6.0,6.159,0.0,40.0,5.0,0.0,11.0,5.0,73.15899999999999
2019-07-01,2019,7,Jul,3,27,Daily,5.33,2.0,1.0,14.0,7.0,0.0,8.0,4.0,41.33
2019-07-02,2019,7,Jul,3,27,Daily,5.66,3.012,4.0,14.0,9.0,0.0,1.0,4.3,40.971999999999994
2019-07-03,2019,7,Jul,3,27,Daily,4.0,2.849,4.0,30.05,9.0,0.0,1.0,4.0,54.899
2019-07-04,2019,7,Jul,3,27,Daily,5.33,1.67,0.0,13.0,7.0,1.0,3.0,6.5,37.5
2019-07-05,2019,7,Jul,3,27,Daily,4.33,3.08,4.0,20.0,11.0,0.0,0.0,2.0,44.41
2019-07-06,2019,7,Jul,3,27,Daily,4.34,1.703,3.0,16.0,2.0,0.0,1.0,3.0,31.043
2019-07-07,2019,7,Jul,3,27,Daily,5.66,6.463,3.0,25.0,2.0,0.0,3.0,5.0,50.123000000000005
2019-07-08,2019,7,Jul,3,28,Daily,6.0,4.373,2.0,21.4,9.2,1.0,4.0,4.0,51.973
2019-07-09,2019,7,Jul,3,28,Daily,2.67,2.703,8.0,15.0,12.0,4.0,3.0,2.0,49.373
2019-07-10,2019,7,Jul,3,28,Daily,10.0,5.67,5.0,19.6,10.2,0.0,1.0,4.0,55.47
2019-07-11,2019,7,Jul,3,28,Daily,3.33,4.726,4.0,19.0,7.0,0.0,0.0,3.0,41.056
2019-07-12,2019,7,Jul,3,28,Daily,11.0,5.09,4.05,34.0,7.2,0.0,2.0,2.0,65.34
2019-07-13,2019,7,Jul,3,28,Daily,5.0,3.417,1.0,17.6,5.0,3.0,0.0,5.0,40.017
2019-07-14,2019,7,Jul,3,28,Daily,6.0,5.34,4.0,23.0,3.0,0.0,5.0,1.0,47.34
2019-07-15,2019,7,Jul,3,29,Daily,7.33,1.67,4.55,24.0,6.0,1.0,0.0,7.0,51.55
2019-07-16,2019,7,Jul,3,29,Daily,7.0,3.34,3.0,14.0,7.0,0.0,2.0,4.0,40.34
2019-07-17,2019,7,Jul,3,29,Daily,3.99,0.157,2.5,26.0,7.0,1.0,0.0,2.0,42.647
2019-07-18,2019,7,Jul,3,29,Daily,11.0,3.33,1.3,24.0,11.0,0.0,3.0,3.0,56.63
2019-07-19,2019,7,Jul,3,29,Daily,7.33,5.34,4.0,28.0,15.0,0.0,3.0,7.0,69.67
2019-07-20,2019,7,Jul,3,29,Daily,4.34,4.449,1.0,17.2,4.0,0.0,6.0,2.0,38.989
2019-07-21,2019,7,Jul,3,29,Daily,6.34,0.363,1.1,16.0,5.0,0.0,1.0,3.0,32.803
2019-07-22,2019,7,Jul,3,30,Daily,1.0,2.66,2.0,14.25,10.0,0.0,0.0,6.0,35.91
2019-07-23,2019,7,Jul,3,30,Daily,1.34,0.67,5.2,7.25,11.0,0.0,7.0,2.4,34.86
2019-07-24,2019,7,Jul,3,30,Daily,8.0,3.769,2.0,30.875,19.0,0.0,2.0,1.0,66.644
2019-07-25,2019,7,Jul,3,30,Daily,6.0,7.0,5.0,20.0,9.0,1.0,11.0,2.0,61.0
2019-07-26,2019,7,Jul,3,30,Daily,12.5,4.0,0.1,17.0,12.0,0.0,8.0,3.0,56.6
2019-07-27,2019,7,Jul,3,30,Daily,3.34,0.0,1.0,22.0,6.0,3.0,2.0,3.4,40.74
2019-07-28,2019,7,Jul,3,30,Daily,4.34,1.34,4.0,13.0,3.0,1.0,0.0,0.6,27.28
2019-07-29,2019,7,Jul,3,31,Daily,9.0,4.33,2.0,25.45,12.0,0.0,1.0,2.0,55.78
2019-07-30,2019,7,Jul,3,31,Daily,9.5,6.187,5.0,19.0,9.0,4.0,33.0,5.0,90.687
2019-07-31,2019,7,Jul,3,31,Daily,0.0,2.84,2.0,21.0,4.0,0.0,4.0,2.0,35.84
2019-08-01,2019,8,Aug,3,31,Daily,8.67,0.913,2.0,37.0,6.0,0.0,1.0,2.0,57.583
2019-08-02,2019,8,Aug,3,31,Daily,5.0,1.68,3.0,18.0,7.0,2.0,6.0,1.0,43.68
2019-08-03,2019,8,Aug,3,31,Daily,5.34,4.68,2.3,12.0,6.0,5.0,1.0,3.4,39.72
2019-08-04,2019,8,Aug,3,31,Daily,6.5,2.67,5.0,24.0,10.0,0.0,2.0,4.3,54.47
2019-08-05,2019,8,Aug,3,32,Daily,4.0,1.0,4.3,6.0,7.0,1.0,5.0,0.0,28.3
2019-08-06,2019,8,Aug,3,32,Daily,10.0,4.67,2.0,17.25,4.0,0.0,6.0,6.0,49.92
2019-08-07,2019,8,Aug,3,32,Daily,6.0,1.759,2.0,9.0,7.0,0.0,21.0,3.0,49.759
2019-08-08,2019,8,Aug,3,32,Daily,7.66,1.01,3.0,15.0,10.0,0.0,31.0,3.0,70.67
2019-08-09,2019,8,Aug,3,32,Daily,3.0,3.25,0.0,8.0,13.0,5.0,1.0,5.0,38.25
2019-08-10,2019,8,Aug,3,32,Daily,3.33,0.68,6.0,15.0,11.0,0.0,0.0,0.0,36.01
2019-08-11,2019,8,Aug,3,32,Daily,7.0,6.85,4.0,16.0,5.0,2.0,2.0,3.0,45.85
2019-08-12,2019,8,Aug,3,33,Daily,8.33,4.496,1.0,36.0,11.0,1.0,5.0,3.5,70.326
2019-08-13,2019,8,Aug,3,33,Daily,8.0,1.896,2.0,15.0,3.0,0.0,2.0,1.0,32.896
2019-08-14,2019,8,Aug,3,33,Daily,4.34,0.67,3.1,20.0,6.0,0.0,0.0,3.0,37.11
2019-08-15,2019,8,Aug,3,33,Daily,8.67,1.99,2.0,12.0,9.0,0.0,11.0,2.0,46.66
2019-08-16,2019,8,Aug,3,33,Daily,3.33,2.68,2.0,13.0,15.0,0.0,10.0,7.0,53.01
2019-08-17,2019,8,Aug,3,33,Daily,7.67,4.531,2.45,18.0,5.0,1.0,0.0,2.5,41.150999999999996
2019-08-18,2019,8,Aug,3,33,Daily,4.84,2.846,1.0,11.0,4.0,0.0,7.0,4.0,34.686
2019-08-19,2019,8,Aug,3,34,Daily,3.68,3.67,4.0,9.0,11.0,2.0,0.0,4.0,37.35
2019-08-20,2019,8,Aug,3,34,Daily,2.0,1.32,2.0,13.4,8.0,0.0,2.0,3.0,31.72
2019-08-21,2019,8,Aug,3,34,Daily,4.34,4.0,0.0,19.45,10.0,0.0,5.0,3.0,45.79
2019-08-22,2019,8,Aug,3,34,Daily,5.34,4.0,2.0,20.0,8.0,2.0,10.0,3.0,54.34
2019-08-23,2019,8,Aug,3,34,Daily,9.67,5.156,4.05,12.0,11.0,2.0,4.0,2.0,49.876000000000005
2019-08-24,2019,8,Aug,3,34,Daily,13.84,6.02,3.0,24.6,9.0,0.0,0.0,5.5,61.96
2019-08-25,2019,8,Aug,3,34,Daily,3.0,3.35,2.0,17.0,4.0,0.0,3.0,0.0,32.35
2019-08-26,2019,8,Aug,3,35,Daily,2.67,2.373,3.0,18.0,11.0,0.0,3.0,3.0,43.043
2019-08-27,2019,8,Aug,3,35,Daily,2.34,2.01,3.0,21.0,3.0,0.0,0.0,5.0,36.35
2019-08-28,2019,8,Aug,3,35,Daily,3.33,1.427,5.0,10.0,6.0,1.0,0.0,2.0,28.756999999999998
2019-08-29,2019,8,Aug,3,35,Daily,9.0,1.68,5.0,17.4,9.0,1.0,1.0,2.0,46.08
2019-08-30,2019,8,Aug,3,35,Daily,6.34,1.056,2.0,19.0,3.0,0.0,2.0,5.1,38.496
2019-08-31,2019,8,Aug,3,35,Daily,4.68,3.936,2.0,15.0,5.0,1.0,4.0,6.0,41.616
2019-09-01,2019,9,Sep,3,35,Daily,2.0,4.36,5.0,17.0,8.2,1.0,5.0,4.0,46.56
2019-09-02,2019,9,Sep,3,36,Daily,5.33,2.087,2.5,18.0,7.0,0.0,1.0,9.0,44.917
2019-09-03,2019,9,Sep,3,36,Daily,9.36,2.35,3.1,12.125,8.0,3.0,1.0,2.0,40.935
2019-09-04,2019,9,Sep,3,36,Daily,2.0,0.373,2.15,29.23,7.0,0.0,3.0,3.0,46.753
2019-09-05,2019,9,Sep,3,36,Daily,7.0,9.53,2.0,14.0,1.0,0.0,1.0,8.0,42.53
2019-09-06,2019,9,Sep,3,36,Daily,1.68,2.67,1.0,28.4,7.0,0.0,0.0,1.5,42.25
2019-09-07,2019,9,Sep,3,36,Daily,8.33,3.67,2.0,27.0,14.0,3.0,6.0,2.0,66.0
2019-09-08,2019,9,Sep,3,36,Daily,7.01,6.087,3.0,26.0,7.0,0.0,3.0,3.0,55.097
2019-09-09,2019,9,Sep,3,37,Daily,1.18,2.124,3.0,26.0,4.0,3.0,5.0,2.0,46.304
2019-09-10,2019,9,Sep,3,37,Daily,8.66,6.68,4.2,22.0,17.0,0.0,1.0,1.0,60.54
2019-09-11,2019,9,Sep,3,37,Daily,2.67,5.076,3.0,42.0,5.0,0.0,5.0,2.5,65.246
2019-09-12,2019,9,Sep,3,37,Daily,2.33,1.34,2.0,21.975,11.2,0.0,10.0,4.0,52.845
2019-09-13,2019,9,Sep,3,37,Daily,6.34,3.35,2.0,17.0,12.0,2.0,5.0,5.0,52.69
2019-09-14,2019,9,Sep,3,37,Daily,8.99,6.397,3.45,24.0,12.0,0.0,2.0,10.0,66.837
2019-09-15,2019,9,Sep,3,37,Daily,5.34,6.01,2.0,25.4,6.0,0.0,2.0,6.0,52.75
2019-09-16,2019,9,Sep,3,38,Daily,9.33,2.316,3.0,22.0,5.0,1.0,0.0,2.0,44.646
2019-09-17,2019,9,Sep,3,38,Daily,4.5,3.007,6.5,19.2,8.2,0.0,6.0,2.0,49.407
2019-09-18,2019,9,Sep,3,38,Daily,6.33,4.33,7.0,22.0,4.0,0.0,2.0,2.0,47.66
2019-09-19,2019,9,Sep,3,38,Daily,7.33,3.34,3.0,33.0,5.0,2.0,3.0,4.0,60.67
2019-09-20,2019,9,Sep,3,38,Daily,5.34,3.383,2.0,51.3,3.0,0.0,1.0,3.0,69.023
2019-09-21,2019,9,Sep,3,38,Daily,10.68,5.68,1.0,44.25,3.0,0.0,6.0,4.0,74.61
2019-09-22,2019,9,Sep,3,38,Daily,3.33,3.34,1.9,56.5,3.0,0.0,8.0,4.0,80.07
2019-09-23,2019,9,Sep,3,39,Daily,5.34,4.549,3.3,55.0,6.0,0.0,1.0,4.0,79.189
2019-09-24,2019,9,Sep,3,39,Daily,2.0,1.34,6.0,61.3,12.0,0.0,1.0,6.0,89.64
2019-09-25,2019,9,Sep,3,39,Daily,6.0,3.67,4.2,32.5,14.0,1.0,1.416666667,4.0,66.786666667
2019-09-26,2019,9,Sep,3,39,Daily,5.5,3.033,2.0,31.0,13.0,0.0,31.0,0.0,85.533
2019-09-27,2019,9,Sep,3,39,Daily,4.66,4.359,4.0,41.1,4.0,0.0,2.0,4.0,64.119
2019-09-28,2019,9,Sep,3,39,Daily,7.0,1.68,4.1,48.0,6.2,0.0,1.0,3.0,70.98
2019-09-29,2019,9,Sep,3,39,Daily,3.51,3.867,3.0,67.8,6.0,0.0,3.0,2.1,89.27699999999999
2019-09-30,2019,9,Sep,3,40,Daily,2.0,1.439,2.1,49.4,9.0,0.0,5.0,2.0,70.939
2019-10-01,2019,10,Oct,4,40,Daily,11.34,2.406,0.1,47.0,15.0,4.0,17.0,1.5,98.346
2019-10-02,2019,10,Oct,4,40,Daily,5.18,3.274,2.8,30.2,9.0,1.0,0.0,1.1,52.554
2019-10-03,2019,10,Oct,4,40,Daily,5.0,3.0,4.0,40.4,10.0,0.0,2.0,2.0,66.4
2019-10-04,2019,10,Oct,4,40,Daily,7.34,5.683,2.25,22.45,13.0,0.0,1.0,1.0,52.723
2019-10-05,2019,10,Oct,4,40,Daily,3.84,5.01,6.0,25.4,7.0,0.0,0.0,0.33,47.58
2019-10-06,2019,10,Oct,4,40,Daily,4.0,11.69,2.0,34.6,6.0,0.0,5.0,4.2,67.49
2019-10-07,2019,10,Oct,4,41,Daily,7.34,4.507,3.0,50.8,6.0,0.0,10.0,1.0,82.64699999999999
2019-10-08,2019,10,Oct,4,41,Daily,0.33,1.73,0.5,44.3,20.0,2.0,2.0,0.0,70.86
